0000 0000 0000 0000 / 0000 0000 0000 0000 / 0000 0000 0000 0000 / 0000 0000 0000 0000 / 0000 0000 0000 0000 / 0000 0000 0000 0000 / 0000 0000 0000 0000 / 0000 0000 0000 0000 / 0000 0000 0000 0000 / 0000 0000 0000 0000 / 0000 0000 0000 0000 / 0000 0000 0000 0000 / 0000 0000 0000 0000 / 0000 0000 0000 0000 / 0000 0000 0000 0000 / 0000 0000 0000 0000 / 0000 0000 0000 0000 / 0000 0000 0000 0000 / 0000 0000 0000 0000 / 0000 0000 0000 0000 / 0000 0000 0000 0000 / 0000 0000 0000 0000 / 0000 0000 0000 0000 / 0000 0000 0000 0000 / 0000 0000 0000 0000 / 0000 0000 0000 0000 / 0000 0000 0000 0000 / 0000 0000 0000 0000 / 0000 0000 0000 0000 / 0000 0000 0000 0000 / 0000 0000 0000 0000 / 0000 0000 0000 0000 / 0000 0000 0000 0000 / 0000 0000 0000 0000 / 0000 0000 0000 0000 / 0000 0000 0000 0000 / 0000 0000 0000 0000 / 0000 0000 0000 0000 / 0000 0000 0000 0000 / 0000 0000 0000 0000 / 0000 0000 0000 0000 / 0000 0000 0000 0000 / 0000 0000 0000 0000 / 0000 0000 0000 0000 / 0000 0000 0000 0000 / 0000 0000 0000 0000 / 0000 0000 0000 0000 / 0000 0000 0000 0000 / 0000 0000 0000 0000 / 0000 0000 0000 0000 / 0000 0000 0000 0000 / 0000 0000 0000 0000 / 0000 0000 0000 0000 / 0000 0000 0000 0000 / 0000 0000 0000 0000 / 0000 0000 0000 0000 / 0000 0000 0000 0000 / 0000 0000 0000 0000 / 0000 0000 0000 0000 / 0000 0000 0000 0000 / 0000 0000 0000 0000 / 0000 0000 0000 0000 / 0000 0000 0000 0000 / 0000 0000 0000 0000 / 0000 0000 0000 0000 / 0000 0000 0000 0000 / 0000 0000 0000 0000 / 0000 0000 0000 0000 / 0000 0000 0000 0000 / 0000 0000 0000 0000 / 0000 0000 0000 0000 / 0000 0000 0000 0000 / 0000 0000 0000 0000 / 0000 0000 0000 0000 / 0000 0000 0000 0000 / 0000 0000 0000 0000 / 0000 0000 0000 0000 / 0000 0000 0000 0000 / 0000 0000 0000 0000 / 0000 0000 0000 0000 / 0000 0000 0000 0000 / 0000 0000 0000 0000 / 0000 0000 0000 0000 / 0000 0000 0000 0000 / 0000 0000 0000 0000 / 0000 0000 0000 0000 / 0000 0000 0000 0000 / 0000 0000 0000 0000 / 0000 0000 0000 0000 / 0000 0000 0000 0000 / 0000 0000 0000 0000 / 0000 0000 0000 0000 / 0000 0000 0000 0000 / 0000 0000 0000 0000 / 0000 0000 0000 0000 / 0000 0000 0000 0000 / 0000 0000 0000 0000 / 0000 0000 0000 0000 / 0000 0000 0000 0000 / 0000 0000 0000 0000
0000 0000 0000 0000 / 0000 0000 0000 0000 / 0000 0000 0000 0000 / 0000 0000 0000 0000 / 0000 0000 0000 0000 / 0000 0000 0000 0000 / 0000 0000 0000 0000 / 0000 0000 0000 0000 / 0000 0000 0000 0000 / 0000 0000 0000 0000 / 0000 0000 0000 0000 / 0000 0000 0000 0000 / 0000 0000 0000 0000 / 0000 0000 0000 0000 / 0000 0000 0000 0000 / 0000 0000 0000 0000 / 0000 0000 0000 0000 / 0000 0000 0000 0000 / 0000 0000 0000 0000 / 0000 0000 0000 0000 / 0000 0000 0000 0000 / 0000 0000 0000 0000 / 0000 0000 0000 0000 / 0000 0000 0000 0000 / 0000 0000 0000 0000 / 0000 0000 0000 0000 / 0000 0000 0000 0000 / 0000 0000 0000 0000 / 0000 0000 0000 0000 / 0000 0000 0000 0000 / 0000 0000 0000 0000 / 0000 0000 0000 0000 / 0000 0000 0000 0000 / 0000 0000 0000 0000 / 0000 0000 0000 0000 / 0000 0000 0000 0000 / 0000 0000 0000 0000 / 0000 0000 0000 0000 / 0000 0000 0000 0000 / 0000 0000 0000 0000 / 0000 0000 0000 0000 / 0000 0000 0000 0000 / 0000 0000 0000 0000 / 0000 0000 0000 0000 / 0000 0000 0000 0000 / 0000 0000 0000 0000 / 0000 0000 0000 0000 / 0000 0000 0000 0000 / 0000 0000 0000 0000 / 0000 0000 0000 0000 / 0000 0000 0000 0000 / 0000 0000 0000 0000 / 0000 0000 0000 0000 / 0000 0000 0000 0000 / 0000 0000 0000 0000 / 0000 0000 0000 0000 / 0000 0000 0000 0000 / 0000 0000 0000 0000 / 0000 0000 0000 0000 / 0000 0000 0000 0000 / 0000 0000 0000 0000 / 0000 0000 0000 0000 / 0000 0000 0000 0000 / 0000 0000 0000 0000 / 0000 0000 0000 0000 / 0000 0000 0000 0000 / 0000 0000 0000 0000 / 0000 0000 0000 0000 / 0000 0000 0000 0000 / 0000 0000 0000 0000 / 0000 0000 0000 0000 / 0000 0000 0000 0000 / 0000 0000 0000 0000 / 0000 0000 0000 0000 / 0000 0000 0000 0000 / 0000 0000 0000 0000 / 0000 0000 0000 0000 / 0000 0000 0000 0000 / 0000 0000 0000 0000 / 0000 0000 0000 0000 / 0000 0000 0000 0000 / 0000 0000 0000 0000 / 0000 0000 0000 0000 / 0000 0000 0000 0000 / 0000 0000 0000 0000 / 0000 0000 0000 0000 / 0000 0000 0000 0000 / 0000 0000 0000 0000 / 0000 0000 0000 0000 / 0000 0000 0000 0000 / 0000 0000 0000 0000 / 0000 0000 0000 0000 / 0000 0000 0000 0000 / 0000 0000 0000 0000 / 0000 0000 0000 0000 / 0000 0000 0000 0000 / 0000 0000 0000 0000 / 0000 0000 0000 0000 / 0000 0000 0000 0000 / 0000 0000 0000 0000
0000 0000 0000 0000 / 0000 0000 0000 0000 / 0000 0000 0000 0000 / 0000 0000 0000 0000 / 0000 0000 0000 0000 / 0000 0000 0000 0000 / 0000 0000 0000 0000 / 0000 0000 0000 0000 / 0000 0000 0000 0000 / 0000 0000 0000 0000 / 0000 0000 0000 0000 / 0000 0000 0000 0000 / 0000 0000 0000 0000 / 0000 0000 0000 0000 / 0000 0000 0000 0000 / 0000 0000 0000 0000 / 0000 0000 0000 0000 / 0000 0000 0000 0000 / 0000 0000 0000 0000 / 0000 0000 0000 0000 / 0000 0000 0000 0000 / 0000 0000 0000 0000 / 0000 0000 0000 0000 / 0000 0000 0000 0000 / 0000 0000 0000 0000 / 0000 0000 0000 0000 / 0000 0000 0000 0000 / 0000 0000 0000 0000 / 0000 0000 0000 0000 / 0000 0000 0000 0000 / 0000 0000 0000 0000 / 0000 0000 0000 0000 / 0000 0000 0000 0000 / 0000 0000 0000 0000 / 0000 0000 0000 0000 / 0000 0000 0000 0000 / 0000 0000 0000 0000 / 0000 0000 0000 0000 / 0000 0000 0000 0000 / 0000 0000 0000 0000 / 0000 0000 0000 0000 / 0000 0000 0000 0000 / 0000 0000 0000 0000 / 0000 0000 0000 0000 / 0000 0000 0000 0000 / 0000 0000 0000 0000 / 0000 0000 0000 0000 / 0000 0000 0000 0000 / 0000 0000 0000 0000 / 0000 0000 0000 0000 / 0000 0000 0000 0000 / 0000 0000 0000 0000 / 0000 0000 0000 0000 / 0000 0000 0000 0000 / 0000 0000 0000 0000 / 0000 0000 0000 0000 / 0000 0000 0000 0000 / 0000 0000 0000 0000 / 0000 0000 0000 0000 / 0000 0000 0000 0000 / 0000 0000 0000 0000 / 0000 0000 0000 0000 / 0000 0000 0000 0000 / 0000 0000 0000 0000 / 0000 0000 0000 0000 / 0000 0000 0000 0000 / 0000 0000 0000 0000 / 0000 0000 0000 0000 / 0000 0000 0000 0000 / 0000 0000 0000 0000 / 0000 0000 0000 0000 / 0000 0000 0000 0000 / 0000 0000 0000 0000 / 0000 0000 0000 0000 / 0000 0000 0000 0000 / 0000 0000 0000 0000 / 0000 0000 0000 0000 / 0000 0000 0000 0000 / 0000 0000 0000 0000 / 0000 0000 0000 0000 / 0000 0000 0000 0000 / 0000 0000 0000 0000 / 0000 0000 0000 0000 / 0000 0000 0000 0000 / 0000 0000 0000 0000 / 0000 0000 0000 0000 / 0000 0000 0000 0000 / 0000 0000 0000 0000 / 0000 0000 0000 0000 / 0000 0000 0000 0000 / 0000 0000 0000 0000 / 0000 0000 0000 0000 / 0000 0000 0000 0000 / 0000 0000 0000 0000 / 0000 0000 0000 0000 / 0000 0000 0000 0000 / 0000 0000 0000 0000 / 0000 0000 0000 0000 / 0000 0000 0000 0000 / 0000 0000 0000 0000
0000 0000 0000 0000 / 0000 0000 0000 0000 / 0000 0000 0000 0000 / 0000 0000 0000 0000 / 0000 0000 0000 0000 / 0000 0000 0000 0000 / 0000 0000 0000 0000 / 0000 0000 0000 0000 / 0000 0000 0000 0000 / 0000 0000 0000 0000 / 0000 0000 0000 0000 / 0000 0000 0000 0000 / 0000 0000 0000 0000 / 0000 0000 0000 0000 / 0000 0000 0000 0000 / 0000 0000 0000 0000 / 0000 0000 0000 0000 / 0000 0000 0000 0000 / 0000 0000 0000 0000 / 0000 0000 0000 0000 / 0000 0000 0000 0000 / 0000 0000 0000 0000 / 0000 0000 0000 0000 / 0000 0000 0000 0000 / 0000 0000 0000 0000 / 0000 0000 0000 0000 / 0000 0000 0000 0000 / 0000 0000 0000 0000 / 0000 0000 0000 0000 / 0000 0000 0000 0000 / 0000 0000 0000 0000 / 0000 0000 0000 0000 / 0000 0000 0000 0000 / 0000 0000 0000 0000 / 0000 0000 0000 0000 / 0000 0000 0000 0000 / 0000 0000 0000 0000 / 0000 0000 0000 0000 / 0000 0000 0000 0000 / 0000 0000 0000 0000 / 0000 0000 0000 0000 / 0000 0000 0000 0000 / 0000 0000 0000 0000 / 0000 0000 0000 0000 / 0000 0000 0000 0000 / 0000 0000 0000 0000 / 0000 0000 0000 0000 / 0000 0000 0000 0000 / 0000 0000 0000 0000 / 0000 0000 0000 0000 / 0000 0000 0000 0000 / 0000 0000 0000 0000 / 0000 0000 0000 0000 / 0000 0000 0000 0000 / 0000 0000 0000 0000 / 0000 0000 0000 0000 / 0000 0000 0000 0000 / 0000 0000 0000 0000 / 0000 0000 0000 0000 / 0000 0000 0000 0000 / 0000 0000 0000 0000 / 0000 0000 0000 0000 / 0000 0000 0000 0000 / 0000 0000 0000 0000 / 0000 0000 0000 0000 / 0000 0000 0000 0000 / 0000 0000 0000 0000 / 0000 0000 0000 0000 / 0000 0000 0000 0000 / 0000 0000 0000 0000 / 0000 0000 0000 0000 / 0000 0000 0000 0000 / 0000 0000 0000 0000 / 0000 0000 0000 0000 / 0000 0000 0000 0000 / 0000 0000 0000 0000 / 0000 0000 0000 0000 / 0000 0000 0000 0000 / 0000 0000 0000 0000 / 0000 0000 0000 0000 / 0000 0000 0000 0000 / 0000 0000 0000 0000 / 0000 0000 0000 0000 / 0000 0000 0000 0000 / 0000 0000 0000 0000 / 0000 0000 0000 0000 / 0000 0000 0000 0000 / 0000 0000 0000 0000 / 0000 0000 0000 0000 / 0000 0000 0000 0000 / 0000 0000 0000 0000 / 0000 0000 0000 0000 / 0000 0000 0000 0000 / 0000 0000 0000 0000 / 0000 0000 0000 0000 / 0000 0000 0000 0000 / 0000 0000 0000 0000 / 0000 0000 0000 0000 / 0000 0000 0000 0000 / 0000 0000 0000 0000
0000 0000 0000 0000 / 0000 0000 0000 0000 / 0000 0000 0000 0000 / 0000 0000 0000 0000 / 0000 0000 0000 0000 / 0000 0000 0000 0000 / 0000 0000 0000 0000 / 0000 0000 0000 0000 / 0000 0000 0000 0000 / 0000 0000 0000 0000 / 0000 0000 0000 0000 / 0000 0000 0000 0000 / 0000 0000 0000 0000 / 0000 0000 0000 0000 / 0000 0000 0000 0000 / 0000 0000 0000 0000 / 0000 0000 0000 0000 / 0000 0000 0000 0000 / 0000 0000 0000 0000 / 0000 0000 0000 0000 / 0000 0000 0000 0000 / 0000 0000 0000 0000 / 0000 0000 0000 0000 / 0000 0000 0000 0000 / 0000 0000 0000 0000 / 0000 0000 0000 0000 / 0000 0000 0000 0000 / 0000 0000 0000 0000 / 0000 0000 0000 0000 / 0000 0000 0000 0000 / 0000 0000 0000 0000 / 0000 0000 0000 0000 / 0000 0000 0000 0000 / 0000 0000 0000 0000 / 0000 0000 0000 0000 / 0000 0000 0000 0000 / 0000 0000 0000 0000 / 0000 0000 0000 0000 / 0000 0000 0000 0000 / 0000 0000 0000 0000 / 0000 0000 0000 0000 / 0000 0000 0000 0000 / 0000 0000 0000 0000 / 0000 0000 0000 0000 / 0000 0000 0000 0000 / 0000 0000 0000 0000 / 0000 0000 0000 0000 / 0000 0000 0000 0000 / 0000 0000 0000 0000 / 0000 0000 0000 0000 / 0000 0000 0000 0000 / 0000 0000 0000 0000 / 0000 0000 0000 0000 / 0000 0000 0000 0000 / 0000 0000 0000 0000 / 0000 0000 0000 0000 / 0000 0000 0000 0000 / 0000 0000 0000 0000 / 0000 0000 0000 0000 / 0000 0000 0000 0000 / 0000 0000 0000 0000 / 0000 0000 0000 0000 / 0000 0000 0000 0000 / 0000 0000 0000 0000 / 0000 0000 0000 0000 / 0000 0000 0000 0000 / 0000 0000 0000 0000 / 0000 0000 0000 0000 / 0000 0000 0000 0000 / 0000 0000 0000 0000 / 0000 0000 0000 0000 / 0000 0000 0000 0000 / 0000 0000 0000 0000 / 0000 0000 0000 0000 / 0000 0000 0000 0000 / 0000 0000 0000 0000 / 0000 0000 0000 0000 / 0000 0000 0000 0000 / 0000 0000 0000 0000 / 0000 0000 0000 0000 / 0000 0000 0000 0000 / 0000 0000 0000 0000 / 0000 0000 0000 0000 / 0000 0000 0000 0000 / 0000 0000 0000 0000 / 0000 0000 0000 0000 / 0000 0000 0000 0000 / 0000 0000 0000 0000 / 0000 0000 0000 0000 / 0000 0000 0000 0000 / 0000 0000 0000 0000 / 0000 0000 0000 0000 / 0000 0000 0000 0000 / 0000 0000 0000 0000 / 0000 0000 0000 0000 / 0000 0000 0000 0000 / 0000 0000 0000 0000 / 0000 0000 0000 0000 / 0000 0000 0000 0000 / 0000 0000 0000 0000
0000 0000 0000 0000 / 0000 0000 0000 0000 / 0000 0000 0000 0000 / 0000 0000 0000 0000 / 0000 0000 0000 0000 / 0000 0000 0000 0000 / 0000 0000 0000 0000 / 0000 0000 0000 0000 / 0000 0000 0000 0000 / 0000 0000 0000 0000 / 0000 0000 0000 0000 / 0000 0000 0000 0000 / 0000 0000 0000 0000 / 0000 0000 0000 0000 / 0000 0000 0000 0000 / 0000 0000 0000 0000 / 0000 0000 0000 0000 / 0000 0000 0000 0000 / 0000 0000 0000 0000 / 0000 0000 0000 0000 / 0000 0000 0000 0000 / 0000 0000 0000 0000 / 0000 0000 0000 0000 / 0000 0000 0000 0000 / 0000 0000 0000 0000 / 0000 0000 0000 0000 / 0000 0000 0000 0000 / 0000 0000 0000 0000 / 0000 0000 0000 0000 / 0000 0000 0000 0000 / 0000 0000 0000 0000 / 0000 0000 0000 0000 / 0000 0000 0000 0000 / 0000 0000 0000 0000 / 0000 0000 0000 0000 / 0000 0000 0000 0000 / 0000 0000 0000 0000 / 0000 0000 0000 0000 / 0000 0000 0000 0000 / 0000 0000 0000 0000 / 0000 0000 0000 0000 / 0000 0000 0000 0000 / 0000 0000 0000 0000 / 0000 0000 0000 0000 / 0000 0000 0000 0000 / 0000 0000 0000 0000 / 0000 0000 0000 0000 / 0000 0000 0000 0000 / 0000 0000 0000 0000 / 0000 0000 0000 0000 / 0000 0000 0000 0000 / 0000 0000 0000 0000 / 0000 0000 0000 0000 / 0000 0000 0000 0000 / 0000 0000 0000 0000 / 0000 0000 0000 0000 / 0000 0000 0000 0000 / 0000 0000 0000 0000 / 0000 0000 0000 0000 / 0000 0000 0000 0000 / 0000 0000 0000 0000 / 0000 0000 0000 0000 / 0000 0000 0000 0000 / 0000 0000 0000 0000 / 0000 0000 0000 0000 / 0000 0000 0000 0000 / 0000 0000 0000 0000 / 0000 0000 0000 0000 / 0000 0000 0000 0000 / 0000 0000 0000 0000 / 0000 0000 0000 0000 / 0000 0000 0000 0000 / 0000 0000 0000 0000 / 0000 0000 0000 0000 / 0000 0000 0000 0000 / 0000 0000 0000 0000 / 0000 0000 0000 0000 / 0000 0000 0000 0000 / 0000 0000 0000 0000 / 0000 0000 0000 0000 / 0000 0000 0000 0000 / 0000 0000 0000 0000 / 0000 0000 0000 0000 / 0000 0000 0000 0000 / 0000 0000 0000 0000 / 0000 0000 0000 0000 / 0000 0000 0000 0000 / 0000 0000 0000 0000 / 0000 0000 0000 0000 / 0000 0000 0000 0000 / 0000 0000 0000 0000 / 0000 0000 0000 0000 / 0000 0000 0000 0000 / 0000 0000 0000 0000 / 0000 0000 0000 0000 / 0000 0000 0000 0000 / 0000 0000 0000 0000 / 0000 0000 0000 0000 / 0000 0000 0000 0000 / 0000 0000 0000 0000
0000 0000 0000 0000 / 0000 0000 0000 0000 / 0000 0000 0000 0000 / 0000 0000 0000 0000 / 0000 0000 0000 0000 / 0000 0000 0000 0000 / 0000 0000 0000 0000 / 0000 0000 0000 0000 / 0000 0000 0000 0000 / 0000 0000 0000 0000 / 0000 0000 0000 0000 / 0000 0000 0000 0000 / 0000 0000 0000 0000 / 0000 0000 0000 0000 / 0000 0000 0000 0000 / 0000 0000 0000 0000 / 0000 0000 0000 0000 / 0000 0000 0000 0000 / 0000 0000 0000 0000 / 0000 0000 0000 0000 / 0000 0000 0000 0000 / 0000 0000 0000 0000 / 0000 0000 0000 0000 / 0000 0000 0000 0000 / 0000 0000 0000 0000 / 0000 0000 0000 0000 / 0000 0000 0000 0000 / 0000 0000 0000 0000 / 0000 0000 0000 0000 / 0000 0000 0000 0000 / 0000 0000 0000 0000 / 0000 0000 0000 0000 / 0000 0000 0000 0000 / 0000 0000 0000 0000 / 0000 0000 0000 0000 / 0000 0000 0000 0000 / 0000 0000 0000 0000 / 0000 0000 0000 0000 / 0000 0000 0000 0000 / 0000 0000 0000 0000 / 0000 0000 0000 0000 / 0000 0000 0000 0000 / 0000 0000 0000 0000 / 0000 0000 0000 0000 / 0000 0000 0000 0000 / 0000 0000 0000 0000 / 0000 0000 0000 0000 / 0000 0000 0000 0000 / 0000 0000 0000 0000 / 0000 0000 0000 0000 / 0000 0000 0000 0000 / 0000 0000 0000 0000 / 0000 0000 0000 0000 / 0000 0000 0000 0000 / 0000 0000 0000 0000 / 0000 0000 0000 0000 / 0000 0000 0000 0000 / 0000 0000 0000 0000 / 0000 0000 0000 0000 / 0000 0000 0000 0000 / 0000 0000 0000 0000 / 0000 0000 0000 0000 / 0000 0000 0000 0000 / 0000 0000 0000 0000 / 0000 0000 0000 0000 / 0000 0000 0000 0000 / 0000 0000 0000 0000 / 0000 0000 0000 0000 / 0000 0000 0000 0000 / 0000 0000 0000 0000 / 0000 0000 0000 0000 / 0000 0000 0000 0000 / 0000 0000 0000 0000 / 0000 0000 0000 0000 / 0000 0000 0000 0000 / 0000 0000 0000 0000 / 0000 0000 0000 0000 / 0000 0000 0000 0000 / 0000 0000 0000 0000 / 0000 0000 0000 0000 / 0000 0000 0000 0000 / 0000 0000 0000 0000 / 0000 0000 0000 0000 / 0000 0000 0000 0000 / 0000 0000 0000 0000 / 0000 0000 0000 0000 / 0000 0000 0000 0000 / 0000 0000 0000 0000 / 0000 0000 0000 0000 / 0000 0000 0000 0000 / 0000 0000 0000 0000 / 0000 0000 0000 0000 / 0000 0000 0000 0000 / 0000 0000 0000 0000 / 0000 0000 0000 0000 / 0000 0000 0000 0000 / 0000 0000 0000 0000 / 0000 0000 0000 0000 / 0000 0000 0000 0000 / 0000 0000 0000 0000
0000 0000 0000 0000 / 0000 0000 0000 0000 / 0000 0000 0000 0000 / 0000 0000 0000 0000 / 0000 0000 0000 0000 / 0000 0000 0000 0000 / 0000 0000 0000 0000 / 0000 0000 0000 0000 / 0000 0000 0000 0000 / 0000 0000 0000 0000 / 0000 0000 0000 0000 / 0000 0000 0000 0000 / 0000 0000 0000 0000 / 0000 0000 0000 0000 / 0000 0000 0000 0000 / 0000 0000 0000 0000 / 0000 0000 0000 0000 / 0000 0000 0000 0000 / 0000 0000 0000 0000 / 0000 0000 0000 0000 / 0000 0000 0000 0000 / 0000 0000 0000 0000 / 0000 0000 0000 0000 / 0000 0000 0000 0000 / 0000 0000 0000 0000 / 0000 0000 0000 0000 / 0000 0000 0000 0000 / 0000 0000 0000 0000 / 0000 0000 0000 0000 / 0000 0000 0000 0000 / 0000 0000 0000 0000 / 0000 0000 0000 0000 / 0000 0000 0000 0000 / 0000 0000 0000 0000 / 0000 0000 0000 0000 / 0000 0000 0000 0000 / 0000 0000 0000 0000 / 0000 0000 0000 0000 / 0000 0000 0000 0000 / 0000 0000 0000 0000 / 0000 0000 0000 0000 / 0000 0000 0000 0000 / 0000 0000 0000 0000 / 0000 0000 0000 0000 / 0000 0000 0000 0000 / 0000 0000 0000 0000 / 0000 0000 0000 0000 / 0000 0000 0000 0000 / 0000 0000 0000 0000 / 0000 0000 0000 0000 / 0000 0000 0000 0000 / 0000 0000 0000 0000 / 0000 0000 0000 0000 / 0000 0000 0000 0000 / 0000 0000 0000 0000 / 0000 0000 0000 0000 / 0000 0000 0000 0000 / 0000 0000 0000 0000 / 0000 0000 0000 0000 / 0000 0000 0000 0000 / 0000 0000 0000 0000 / 0000 0000 0000 0000 / 0000 0000 0000 0000 / 0000 0000 0000 0000 / 0000 0000 0000 0000 / 0000 0000 0000 0000 / 0000 0000 0000 0000 / 0000 0000 0000 0000 / 0000 0000 0000 0000 / 0000 0000 0000 0000 / 0000 0000 0000 0000 / 0000 0000 0000 0000 / 0000 0000 0000 0000 / 0000 0000 0000 0000 / 0000 0000 0000 0000 / 0000 0000 0000 0000 / 0000 0000 0000 0000 / 0000 0000 0000 0000 / 0000 0000 0000 0000 / 0000 0000 0000 0000 / 0000 0000 0000 0000 / 0000 0000 0000 0000 / 0000 0000 0000 0000 / 0000 0000 0000 0000 / 0000 0000 0000 0000 / 0000 0000 0000 0000 / 0000 0000 0000 0000 / 0000 0000 0000 0000 / 0000 0000 0000 0000 / 0000 0000 0000 0000 / 0000 0000 0000 0000 / 0000 0000 0000 0000 / 0000 0000 0000 0000 / 0000 0000 0000 0000 / 0000 0000 0000 0000 / 0000 0000 0000 0000 / 0000 0000 0000 0000 / 0000 0000 0000 0000 / 0000 0000 0000 0000 / 0000 0000 0000 0000
0000 0000 0000 0000 / 0000 0000 0000 0000 / 0000 0000 0000 0000 / 0000 0000 0000 0000 / 0000 0000 0000 0000 / 0000 0000 0000 0000 / 0000 0000 0000 0000 / 0000 0000 0000 0000 / 0000 0000 0000 0000 / 0000 0000 0000 0000 / 0000 0000 0000 0000 / 0000 0000 0000 0000 / 0000 0000 0000 0000 / 0000 0000 0000 0000 / 0000 0000 0000 0000 / 0000 0000 0000 0000 / 0000 0000 0000 0000 / 0000 0000 0000 0000 / 0000 0000 0000 0000 / 0000 0000 0000 0000 / 0000 0000 0000 0000 / 0000 0000 0000 0000 / 0000 0000 0000 0000 / 0000 0000 0000 0000 / 0000 0000 0000 0000 / 0000 0000 0000 0000 / 0000 0000 0000 0000 / 0000 0000 0000 0000 / 0000 0000 0000 0000 / 0000 0000 0000 0000 / 0000 0000 0000 0000 / 0000 0000 0000 0000 / 0000 0000 0000 0000 / 0000 0000 0000 0000 / 0000 0000 0000 0000 / 0000 0000 0000 0000 / 0000 0000 0000 0000 / 0000 0000 0000 0000 / 0000 0000 0000 0000 / 0000 0000 0000 0000 / 0000 0000 0000 0000 / 0000 0000 0000 0000 / 0000 0000 0000 0000 / 0000 0000 0000 0000 / 0000 0000 0000 0000 / 0000 0000 0000 0000 / 0000 0000 0000 0000 / 0000 0000 0000 0000 / 0000 0000 0000 0000 / 0000 0000 0000 0000 / 0000 0000 0000 0000 / 0000 0000 0000 0000 / 0000 0000 0000 0000 / 0000 0000 0000 0000 / 0000 0000 0000 0000 / 0000 0000 0000 0000 / 0000 0000 0000 0000 / 0000 0000 0000 0000 / 0000 0000 0000 0000 / 0000 0000 0000 0000 / 0000 0000 0000 0000 / 0000 0000 0000 0000 / 0000 0000 0000 0000 / 0000 0000 0000 0000 / 0000 0000 0000 0000 / 0000 0000 0000 0000 / 0000 0000 0000 0000 / 0000 0000 0000 0000 / 0000 0000 0000 0000 / 0000 0000 0000 0000 / 0000 0000 0000 0000 / 0000 0000 0000 0000 / 0000 0000 0000 0000 / 0000 0000 0000 0000 / 0000 0000 0000 0000 / 0000 0000 0000 0000 / 0000 0000 0000 0000 / 0000 0000 0000 0000 / 0000 0000 0000 0000 / 0000 0000 0000 0000 / 0000 0000 0000 0000 / 0000 0000 0000 0000 / 0000 0000 0000 0000 / 0000 0000 0000 0000 / 0000 0000 0000 0000 / 0000 0000 0000 0000 / 0000 0000 0000 0000 / 0000 0000 0000 0000 / 0000 0000 0000 0000 / 0000 0000 0000 0000 / 0000 0000 0000 0000 / 0000 0000 0000 0000 / 0000 0000 0000 0000 / 0000 0000 0000 0000 / 0000 0000 0000 0000 / 0000 0000 0000 0000 / 0000 0000 0000 0000 / 0000 0000 0000 0000 / 0000 0000 0000 0000 / 0000 0000 0000 0000
0000 0000 0000 0000 / 0000 0000 0000 0000 / 0000 0000 0000 0000 / 0000 0000 0000 0000 / 0000 0000 0000 0000 / 0000 0000 0000 0000 / 0000 0000 0000 0000 / 0000 0000 0000 0000 / 0000 0000 0000 0000 / 0000 0000 0000 0000 / 0000 0000 0000 0000 / 0000 0000 0000 0000 / 0000 0000 0000 0000 / 0000 0000 0000 0000 / 0000 0000 0000 0000 / 0000 0000 0000 0000 / 0000 0000 0000 0000 / 0000 0000 0000 0000 / 0000 0000 0000 0000 / 0000 0000 0000 0000 / 0000 0000 0000 0000 / 0000 0000 0000 0000 / 0000 0000 0000 0000 / 0000 0000 0000 0000 / 0000 0000 0000 0000 / 0000 0000 0000 0000 / 0000 0000 0000 0000 / 0000 0000 0000 0000 / 0000 0000 0000 0000 / 0000 0000 0000 0000 / 0000 0000 0000 0000 / 0000 0000 0000 0000 / 0000 0000 0000 0000 / 0000 0000 0000 0000 / 0000 0000 0000 0000 / 0000 0000 0000 0000 / 0000 0000 0000 0000 / 0000 0000 0000 0000 / 0000 0000 0000 0000 / 0000 0000 0000 0000 / 0000 0000 0000 0000 / 0000 0000 0000 0000 / 0000 0000 0000 0000 / 0000 0000 0000 0000 / 0000 0000 0000 0000 / 0000 0000 0000 0000 / 0000 0000 0000 0000 / 0000 0000 0000 0000 / 0000 0000 0000 0000 / 0000 0000 0000 0000 / 0000 0000 0000 0000 / 0000 0000 0000 0000 / 0000 0000 0000 0000 / 0000 0000 0000 0000 / 0000 0000 0000 0000 / 0000 0000 0000 0000 / 0000 0000 0000 0000 / 0000 0000 0000 0000 / 0000 0000 0000 0000 / 0000 0000 0000 0000 / 0000 0000 0000 0000 / 0000 0000 0000 0000 / 0000 0000 0000 0000 / 0000 0000 0000 0000 / 0000 0000 0000 0000 / 0000 0000 0000 0000 / 0000 0000 0000 0000 / 0000 0000 0000 0000 / 0000 0000 0000 0000 / 0000 0000 0000 0000 / 0000 0000 0000 0000 / 0000 0000 0000 0000 / 0000 0000 0000 0000 / 0000 0000 0000 0000 / 0000 0000 0000 0000 / 0000 0000 0000 0000 / 0000 0000 0000 0000 / 0000 0000 0000 0000 / 0000 0000 0000 0000 / 0000 0000 0000 0000 / 0000 0000 0000 0000 / 0000 0000 0000 0000 / 0000 0000 0000 0000 / 0000 0000 0000 0000 / 0000 0000 0000 0000 / 0000 0000 0000 0000 / 0000 0000 0000 0000 / 0000 0000 0000 0000 / 0000 0000 0000 0000 / 0000 0000 0000 0000 / 0000 0000 0000 0000 / 0000 0000 0000 0000 / 0000 0000 0000 0000 / 0000 0000 0000 0000 / 0000 0000 0000 0000 / 0000 0000 0000 0000 / 0000 0000 0000 0000 / 0000 0000 0000 0000 / 0000 0000 0000 0000 / 0000 0000 0000 0000
0000 0000 0000 0000 / 0000 0000 0000 0000 / 0000 0000 0000 0000 / 0000 0000 0000 0000 / 0000 0000 0000 0000 / 0000 0000 0000 0000 / 0000 0000 0000 0000 / 0000 0000 0000 0000 / 0000 0000 0000 0000 / 0000 0000 0000 0000 / 0000 0000 0000 0000 / 0000 0000 0000 0000 / 0000 0000 0000 0000 / 0000 0000 0000 0000 / 0000 0000 0000 0000 / 0000 0000 0000 0000 / 0000 0000 0000 0000 / 0000 0000 0000 0000 / 0000 0000 0000 0000 / 0000 0000 0000 0000 / 0000 0000 0000 0000 / 0000 0000 0000 0000 / 0000 0000 0000 0000 / 0000 0000 0000 0000 / 0000 0000 0000 0000 / 0000 0000 0000 0000 / 0000 0000 0000 0000 / 0000 0000 0000 0000 / 0000 0000 0000 0000 / 0000 0000 0000 0000 / 0000 0000 0000 0000 / 0000 0000 0000 0000 / 0000 0000 0000 0000 / 0000 0000 0000 0000 / 0000 0000 0000 0000 / 0000 0000 0000 0000 / 0000 0000 0000 0000 / 0000 0000 0000 0000 / 0000 0000 0000 0000 / 0000 0000 0000 0000 / 0000 0000 0000 0000 / 0000 0000 0000 0000 / 0000 0000 0000 0000 / 0000 0000 0000 0000 / 0000 0000 0000 0000 / 0000 0000 0000 0000 / 0000 0000 0000 0000 / 0000 0000 0000 0000 / 0000 0000 0000 0000 / 0000 0000 0000 0000 / 0000 0000 0000 0000 / 0000 0000 0000 0000 / 0000 0000 0000 0000 / 0000 0000 0000 0000 / 0000 0000 0000 0000 / 0000 0000 0000 0000 / 0000 0000 0000 0000 / 0000 0000 0000 0000 / 0000 0000 0000 0000 / 0000 0000 0000 0000 / 0000 0000 0000 0000 / 0000 0000 0000 0000 / 0000 0000 0000 0000 / 0000 0000 0000 0000 / 0000 0000 0000 0000 / 0000 0000 0000 0000 / 0000 0000 0000 0000 / 0000 0000 0000 0000 / 0000 0000 0000 0000 / 0000 0000 0000 0000 / 0000 0000 0000 0000 / 0000 0000 0000 0000 / 0000 0000 0000 0000 / 0000 0000 0000 0000 / 0000 0000 0000 0000 / 0000 0000 0000 0000 / 0000 0000 0000 0000 / 0000 0000 0000 0000 / 0000 0000 0000 0000 / 0000 0000 0000 0000 / 0000 0000 0000 0000 / 0000 0000 0000 0000 / 0000 0000 0000 0000 / 0000 0000 0000 0000 / 0000 0000 0000 0000 / 0000 0000 0000 0000 / 0000 0000 0000 0000 / 0000 0000 0000 0000 / 0000 0000 0000 0000 / 0000 0000 0000 0000 / 0000 0000 0000 0000 / 0000 0000 0000 0000 / 0000 0000 0000 0000 / 0000 0000 0000 0000 / 0000 0000 0000 0000 / 0000 0000 0000 0000 / 0000 0000 0000 0000 / 0000 0000 0000 0000 / 0000 0000 0000 0000 / 0000 0000 0000 0000
0000 0000 0000 0000 / 0000 0000 0000 0000 / 0000 0000 0000 0000 / 0000 0000 0000 0000 / 0000 0000 0000 0000 / 0000 0000 0000 0000 / 0000 0000 0000 0000 / 0000 0000 0000 0000 / 0000 0000 0000 0000 / 0000 0000 0000 0000 / 0000 0000 0000 0000 / 0000 0000 0000 0000 / 0000 0000 0000 0000 / 0000 0000 0000 0000 / 0000 0000 0000 0000 / 0000 0000 0000 0000 / 0000 0000 0000 0000 / 0000 0000 0000 0000 / 0000 0000 0000 0000 / 0000 0000 0000 0000 / 0000 0000 0000 0000 / 0000 0000 0000 0000 / 0000 0000 0000 0000 / 0000 0000 0000 0000 / 0000 0000 0000 0000 / 0000 0000 0000 0000 / 0000 0000 0000 0000 / 0000 0000 0000 0000 / 0000 0000 0000 0000 / 0000 0000 0000 0000 / 0000 0000 0000 0000 / 0000 0000 0000 0000 / 0000 0000 0000 0000 / 0000 0000 0000 0000 / 0000 0000 0000 0000 / 0000 0000 0000 0000 / 0000 0000 0000 0000 / 0000 0000 0000 0000 / 0000 0000 0000 0000 / 0000 0000 0000 0000 / 0000 0000 0000 0000 / 0000 0000 0000 0000 / 0000 0000 0000 0000 / 0000 0000 0000 0000 / 0000 0000 0000 0000 / 0000 0000 0000 0000 / 0000 0000 0000 0000 / 0000 0000 0000 0000 / 0000 0000 0000 0000 / 0000 0000 0000 0000 / 0000 0000 0000 0000 / 0000 0000 0000 0000 / 0000 0000 0000 0000 / 0000 0000 0000 0000 / 0000 0000 0000 0000 / 0000 0000 0000 0000 / 0000 0000 0000 0000 / 0000 0000 0000 0000 / 0000 0000 0000 0000 / 0000 0000 0000 0000 / 0000 0000 0000 0000 / 0000 0000 0000 0000 / 0000 0000 0000 0000 / 0000 0000 0000 0000 / 0000 0000 0000 0000 / 0000 0000 0000 0000 / 0000 0000 0000 0000 / 0000 0000 0000 0000 / 0000 0000 0000 0000 / 0000 0000 0000 0000 / 0000 0000 0000 0000 / 0000 0000 0000 0000 / 0000 0000 0000 0000 / 0000 0000 0000 0000 / 0000 0000 0000 0000 / 0000 0000 0000 0000 / 0000 0000 0000 0000 / 0000 0000 0000 0000 / 0000 0000 0000 0000 / 0000 0000 0000 0000 / 0000 0000 0000 0000 / 0000 0000 0000 0000 / 0000 0000 0000 0000 / 0000 0000 0000 0000 / 0000 0000 0000 0000 / 0000 0000 0000 0000 / 0000 0000 0000 0000 / 0000 0000 0000 0000 / 0000 0000 0000 0000 / 0000 0000 0000 0000 / 0000 0000 0000 0000 / 0000 0000 0000 0000 / 0000 0000 0000 0000 / 0000 0000 0000 0000 / 0000 0000 0000 0000 / 0000 0000 0000 0000 / 0000 0000 0000 0000 / 0000 0000 0000 0000 / 0000 0000 0000 0000 / 0000 0000 0000 0000
0000 0000 0000 0000 / 0000 0000 0000 0000 / 0000 0000 0000 0000 / 0000 0000 0000 0000 / 0000 0000 0000 0000 / 0000 0000 0000 0000 / 0000 0000 0000 0000 / 0000 0000 0000 0000 / 0000 0000 0000 0000 / 0000 0000 0000 0000 / 0000 0000 0000 0000 / 0000 0000 0000 0000 / 0000 0000 0000 0000 / 0000 0000 0000 0000 / 0000 0000 0000 0000 / 0000 0000 0000 0000 / 0000 0000 0000 0000 / 0000 0000 0000 0000 / 0000 0000 0000 0000 / 0000 0000 0000 0000 / 0000 0000 0000 0000 / 0000 0000 0000 0000 / 0000 0000 0000 0000 / 0000 0000 0000 0000 / 0000 0000 0000 0000 / 0000 0000 0000 0000 / 0000 0000 0000 0000 / 0000 0000 0000 0000 / 0000 0000 0000 0000 / 0000 0000 0000 0000 / 0000 0000 0000 0000 / 0000 0000 0000 0000 / 0000 0000 0000 0000 / 0000 0000 0000 0000 / 0000 0000 0000 0000 / 0000 0000 0000 0000 / 0000 0000 0000 0000 / 0000 0000 0000 0000 / 0000 0000 0000 0000 / 0000 0000 0000 0000 / 0000 0000 0000 0000 / 0000 0000 0000 0000 / 0000 0000 0000 0000 / 0000 0000 0000 0000 / 0000 0000 0000 0000 / 0000 0000 0000 0000 / 0000 0000 0000 0000 / 0000 0000 0000 0000 / 0000 0000 0000 0000 / 0000 0000 0000 0000 / 0000 0000 0000 0000 / 0000 0000 0000 0000 / 0000 0000 0000 0000 / 0000 0000 0000 0000 / 0000 0000 0000 0000 / 0000 0000 0000 0000 / 0000 0000 0000 0000 / 0000 0000 0000 0000 / 0000 0000 0000 0000 / 0000 0000 0000 0000 / 0000 0000 0000 0000 / 0000 0000 0000 0000 / 0000 0000 0000 0000 / 0000 0000 0000 0000 / 0000 0000 0000 0000 / 0000 0000 0000 0000 / 0000 0000 0000 0000 / 0000 0000 0000 0000 / 0000 0000 0000 0000 / 0000 0000 0000 0000 / 0000 0000 0000 0000 / 0000 0000 0000 0000 / 0000 0000 0000 0000 / 0000 0000 0000 0000 / 0000 0000 0000 0000 / 0000 0000 0000 0000 / 0000 0000 0000 0000 / 0000 0000 0000 0000 / 0000 0000 0000 0000 / 0000 0000 0000 0000 / 0000 0000 0000 0000 / 0000 0000 0000 0000 / 0000 0000 0000 0000 / 0000 0000 0000 0000 / 0000 0000 0000 0000 / 0000 0000 0000 0000 / 0000 0000 0000 0000 / 0000 0000 0000 0000 / 0000 0000 0000 0000 / 0000 0000 0000 0000 / 0000 0000 0000 0000 / 0000 0000 0000 0000 / 0000 0000 0000 0000 / 0000 0000 0000 0000 / 0000 0000 0000 0000 / 0000 0000 0000 0000 / 0000 0000 0000 0000 / 0000 0000 0000 0000 / 0000 0000 0000 0000 / 0000 0000 0000 0000
0000 0000 0000 0000 / 0000 0000 0000 0000 / 0000 0000 0000 0000 / 0000 0000 0000 0000 / 0000 0000 0000 0000 / 0000 0000 0000 0000 / 0000 0000 0000 0000 / 0000 0000 0000 0000 / 0000 0000 0000 0000 / 0000 0000 0000 0000 / 0000 0000 0000 0000 / 0000 0000 0000 0000 / 0000 0000 0000 0000 / 0000 0000 0000 0000 / 0000 0000 0000 0000 / 0000 0000 0000 0000 / 0000 0000 0000 0000 / 0000 0000 0000 0000 / 0000 0000 0000 0000 / 0000 0000 0000 0000 / 0000 0000 0000 0000 / 0000 0000 0000 0000 / 0000 0000 0000 0000 / 0000 0000 0000 0000 / 0000 0000 0000 0000 / 0000 0000 0000 0000 / 0000 0000 0000 0000 / 0000 0000 0000 0000 / 0000 0000 0000 0000 / 0000 0000 0000 0000 / 0000 0000 0000 0000 / 0000 0000 0000 0000 / 0000 0000 0000 0000 / 0000 0000 0000 0000 / 0000 0000 0000 0000 / 0000 0000 0000 0000 / 0000 0000 0000 0000 / 0000 0000 0000 0000 / 0000 0000 0000 0000 / 0000 0000 0000 0000 / 0000 0000 0000 0000 / 0000 0000 0000 0000 / 0000 0000 0000 0000 / 0000 0000 0000 0000 / 0000 0000 0000 0000 / 0000 0000 0000 0000 / 0000 0000 0000 0000 / 0000 0000 0000 0000 / 0000 0000 0000 0000 / 0000 0000 0000 0000 / 0000 0000 0000 0000 / 0000 0000 0000 0000 / 0000 0000 0000 0000 / 0000 0000 0000 0000 / 0000 0000 0000 0000 / 0000 0000 0000 0000 / 0000 0000 0000 0000 / 0000 0000 0000 0000 / 0000 0000 0000 0000 / 0000 0000 0000 0000 / 0000 0000 0000 0000 / 0000 0000 0000 0000 / 0000 0000 0000 0000 / 0000 0000 0000 0000 / 0000 0000 0000 0000 / 0000 0000 0000 0000 / 0000 0000 0000 0000 / 0000 0000 0000 0000 / 0000 0000 0000 0000 / 0000 0000 0000 0000 / 0000 0000 0000 0000 / 0000 0000 0000 0000 / 0000 0000 0000 0000 / 0000 0000 0000 0000 / 0000 0000 0000 0000 / 0000 0000 0000 0000 / 0000 0000 0000 0000 / 0000 0000 0000 0000 / 0000 0000 0000 0000 / 0000 0000 0000 0000 / 0000 0000 0000 0000 / 0000 0000 0000 0000 / 0000 0000 0000 0000 / 0000 0000 0000 0000 / 0000 0000 0000 0000 / 0000 0000 0000 0000 / 0000 0000 0000 0000 / 0000 0000 0000 0000 / 0000 0000 0000 0000 / 0000 0000 0000 0000 / 0000 0000 0000 0000 / 0000 0000 0000 0000 / 0000 0000 0000 0000 / 0000 0000 0000 0000 / 0000 0000 0000 0000 / 0000 0000 0000 0000 / 0000 0000 0000 0000 / 0000 0000 0000 0000 / 0000 0000 0000 0000 / 0000 0000 0000 0000
0000 0000 0000 0000 / 0000 0000 0000 0000 / 0000 0000 0000 0000 / 0000 0000 0000 0000 / 0000 0000 0000 0000 / 0000 0000 0000 0000 / 0000 0000 0000 0000 / 0000 0000 0000 0000 / 0000 0000 0000 0000 / 0000 0000 0000 0000 / 0000 0000 0000 0000 / 0000 0000 0000 0000 / 0000 0000 0000 0000 / 0000 0000 0000 0000 / 0000 0000 0000 0000 / 0000 0000 0000 0000 / 0000 0000 0000 0000 / 0000 0000 0000 0000 / 0000 0000 0000 0000 / 0000 0000 0000 0000 / 0000 0000 0000 0000 / 0000 0000 0000 0000 / 0000 0000 0000 0000 / 0000 0000 0000 0000 / 0000 0000 0000 0000 / 0000 0000 0000 0000 / 0000 0000 0000 0000 / 0000 0000 0000 0000 / 0000 0000 0000 0000 / 0000 0000 0000 0000 / 0000 0000 0000 0000 / 0000 0000 0000 0000 / 0000 0000 0000 0000 / 0000 0000 0000 0000 / 0000 0000 0000 0000 / 0000 0000 0000 0000 / 0000 0000 0000 0000 / 0000 0000 0000 0000 / 0000 0000 0000 0000 / 0000 0000 0000 0000 / 0000 0000 0000 0000 / 0000 0000 0000 0000 / 0000 0000 0000 0000 / 0000 0000 0000 0000 / 0000 0000 0000 0000 / 0000 0000 0000 0000 / 0000 0000 0000 0000 / 0000 0000 0000 0000 / 0000 0000 0000 0000 / 0000 0000 0000 0000 / 0000 0000 0000 0000 / 0000 0000 0000 0000 / 0000 0000 0000 0000 / 0000 0000 0000 0000 / 0000 0000 0000 0000 / 0000 0000 0000 0000 / 0000 0000 0000 0000 / 0000 0000 0000 0000 / 0000 0000 0000 0000 / 0000 0000 0000 0000 / 0000 0000 0000 0000 / 0000 0000 0000 0000 / 0000 0000 0000 0000 / 0000 0000 0000 0000 / 0000 0000 0000 0000 / 0000 0000 0000 0000 / 0000 0000 0000 0000 / 0000 0000 0000 0000 / 0000 0000 0000 0000 / 0000 0000 0000 0000 / 0000 0000 0000 0000 / 0000 0000 0000 0000 / 0000 0000 0000 0000 / 0000 0000 0000 0000 / 0000 0000 0000 0000 / 0000 0000 0000 0000 / 0000 0000 0000 0000 / 0000 0000 0000 0000 / 0000 0000 0000 0000 / 0000 0000 0000 0000 / 0000 0000 0000 0000 / 0000 0000 0000 0000 / 0000 0000 0000 0000 / 0000 0000 0000 0000 / 0000 0000 0000 0000 / 0000 0000 0000 0000 / 0000 0000 0000 0000 / 0000 0000 0000 0000 / 0000 0000 0000 0000 / 0000 0000 0000 0000 / 0000 0000 0000 0000 / 0000 0000 0000 0000 / 0000 0000 0000 0000 / 0000 0000 0000 0000 / 0000 0000 0000 0000 / 0000 0000 0000 0000 / 0000 0000 0000 0000 / 0000 0000 0000 0000 / 0000 0000 0000 0000 / 0000 0000 0000 0000
0000 0000 0000 0000 / 0000 0000 0000 0000 / 0000 0000 0000 0000 / 0000 0000 0000 0000 / 0000 0000 0000 0000 / 0000 0000 0000 0000 / 0000 0000 0000 0000 / 0000 0000 0000 0000 / 0000 0000 0000 0000 / 0000 0000 0000 0000 / 0000 0000 0000 0000 / 0000 0000 0000 0000 / 0000 0000 0000 0000 / 0000 0000 0000 0000 / 0000 0000 0000 0000 / 0000 0000 0000 0000 / 0000 0000 0000 0000 / 0000 0000 0000 0000 / 0000 0000 0000 0000 / 0000 0000 0000 0000 / 0000 0000 0000 0000 / 0000 0000 0000 0000 / 0000 0000 0000 0000 / 0000 0000 0000 0000 / 0000 0000 0000 0000 / 0000 0000 0000 0000 / 0000 0000 0000 0000 / 0000 0000 0000 0000 / 0000 0000 0000 0000 / 0000 0000 0000 0000 / 0000 0000 0000 0000 / 0000 0000 0000 0000 / 0000 0000 0000 0000 / 0000 0000 0000 0000 / 0000 0000 0000 0000 / 0000 0000 0000 0000 / 0000 0000 0000 0000 / 0000 0000 0000 0000 / 0000 0000 0000 0000 / 0000 0000 0000 0000 / 0000 0000 0000 0000 / 0000 0000 0000 0000 / 0000 0000 0000 0000 / 0000 0000 0000 0000 / 0000 0000 0000 0000 / 0000 0000 0000 0000 / 0000 0000 0000 0000 / 0000 0000 0000 0000 / 0000 0000 0000 0000 / 0000 0000 0000 0000 / 0000 0000 0000 0000 / 0000 0000 0000 0000 / 0000 0000 0000 0000 / 0000 0000 0000 0000 / 0000 0000 0000 0000 / 0000 0000 0000 0000 / 0000 0000 0000 0000 / 0000 0000 0000 0000 / 0000 0000 0000 0000 / 0000 0000 0000 0000 / 0000 0000 0000 0000 / 0000 0000 0000 0000 / 0000 0000 0000 0000 / 0000 0000 0000 0000 / 0000 0000 0000 0000 / 0000 0000 0000 0000 / 0000 0000 0000 0000 / 0000 0000 0000 0000 / 0000 0000 0000 0000 / 0000 0000 0000 0000 / 0000 0000 0000 0000 / 0000 0000 0000 0000 / 0000 0000 0000 0000 / 0000 0000 0000 0000 / 0000 0000 0000 0000 / 0000 0000 0000 0000 / 0000 0000 0000 0000 / 0000 0000 0000 0000 / 0000 0000 0000 0000 / 0000 0000 0000 0000 / 0000 0000 0000 0000 / 0000 0000 0000 0000 / 0000 0000 0000 0000 / 0000 0000 0000 0000 / 0000 0000 0000 0000 / 0000 0000 0000 0000 / 0000 0000 0000 0000 / 0000 0000 0000 0000 / 0000 0000 0000 0000 / 0000 0000 0000 0000 / 0000 0000 0000 0000 / 0000 0000 0000 0000 / 0000 0000 0000 0000 / 0000 0000 0000 0000 / 0000 0000 0000 0000 / 0000 0000 0000 0000 / 0000 0000 0000 0000 / 0000 0000 0000 0000 / 0000 0000 0000 0000 / 0000 0000 0000 0000
0000 0000 0000 0000 / 0000 0000 0000 0000 / 0000 0000 0000 0000 / 0000 0000 0000 0000 / 0000 0000 0000 0000 / 0000 0000 0000 0000 / 0000 0000 0000 0000 / 0000 0000 0000 0000 / 0000 0000 0000 0000 / 0000 0000 0000 0000 / 0000 0000 0000 0000 / 0000 0000 0000 0000 / 0000 0000 0000 0000 / 0000 0000 0000 0000 / 0000 0000 0000 0000 / 0000 0000 0000 0000 / 0000 0000 0000 0000 / 0000 0000 0000 0000 / 0000 0000 0000 0000 / 0000 0000 0000 0000 / 0000 0000 0000 0000 / 0000 0000 0000 0000 / 0000 0000 0000 0000 / 0000 0000 0000 0000 / 0000 0000 0000 0000 / 0000 0000 0000 0000 / 0000 0000 0000 0000 / 0000 0000 0000 0000 / 0000 0000 0000 0000 / 0000 0000 0000 0000 / 0000 0000 0000 0000 / 0000 0000 0000 0000 / 0000 0000 0000 0000 / 0000 0000 0000 0000 / 0000 0000 0000 0000 / 0000 0000 0000 0000 / 0000 0000 0000 0000 / 0000 0000 0000 0000 / 0000 0000 0000 0000 / 0000 0000 0000 0000 / 0000 0000 0000 0000 / 0000 0000 0000 0000 / 0000 0000 0000 0000 / 0000 0000 0000 0000 / 0000 0000 0000 0000 / 0000 0000 0000 0000 / 0000 0000 0000 0000 / 0000 0000 0000 0000 / 0000 0000 0000 0000 / 0000 0000 0000 0000 / 0000 0000 0000 0000 / 0000 0000 0000 0000 / 0000 0000 0000 0000 / 0000 0000 0000 0000 / 0000 0000 0000 0000 / 0000 0000 0000 0000 / 0000 0000 0000 0000 / 0000 0000 0000 0000 / 0000 0000 0000 0000 / 0000 0000 0000 0000 / 0000 0000 0000 0000 / 0000 0000 0000 0000 / 0000 0000 0000 0000 / 0000 0000 0000 0000 / 0000 0000 0000 0000 / 0000 0000 0000 0000 / 0000 0000 0000 0000 / 0000 0000 0000 0000 / 0000 0000 0000 0000 / 0000 0000 0000 0000 / 0000 0000 0000 0000 / 0000 0000 0000 0000 / 0000 0000 0000 0000 / 0000 0000 0000 0000 / 0000 0000 0000 0000 / 0000 0000 0000 0000 / 0000 0000 0000 0000 / 0000 0000 0000 0000 / 0000 0000 0000 0000 / 0000 0000 0000 0000 / 0000 0000 0000 0000 / 0000 0000 0000 0000 / 0000 0000 0000 0000 / 0000 0000 0000 0000 / 0000 0000 0000 0000 / 0000 0000 0000 0000 / 0000 0000 0000 0000 / 0000 0000 0000 0000 / 0000 0000 0000 0000 / 0000 0000 0000 0000 / 0000 0000 0000 0000 / 0000 0000 0000 0000 / 0000 0000 0000 0000 / 0000 0000 0000 0000 / 0000 0000 0000 0000 / 0000 0000 0000 0000 / 0000 0000 0000 0000 / 0000 0000 0000 0000 / 0000 0000 0000 0000 / 0000 0000 0000 0000
0000 0000 0000 0000 / 0000 0000 0000 0000 / 0000 0000 0000 0000 / 0000 0000 0000 0000 / 0000 0000 0000 0000 / 0000 0000 0000 0000 / 0000 0000 0000 0000 / 0000 0000 0000 0000 / 0000 0000 0000 0000 / 0000 0000 0000 0000 / 0000 0000 0000 0000 / 0000 0000 0000 0000 / 0000 0000 0000 0000 / 0000 0000 0000 0000 / 0000 0000 0000 0000 / 0000 0000 0000 0000 / 0000 0000 0000 0000 / 0000 0000 0000 0000 / 0000 0000 0000 0000 / 0000 0000 0000 0000 / 0000 0000 0000 0000 / 0000 0000 0000 0000 / 0000 0000 0000 0000 / 0000 0000 0000 0000 / 0000 0000 0000 0000 / 0000 0000 0000 0000 / 0000 0000 0000 0000 / 0000 0000 0000 0000 / 0000 0000 0000 0000 / 0000 0000 0000 0000 / 0000 0000 0000 0000 / 0000 0000 0000 0000 / 0000 0000 0000 0000 / 0000 0000 0000 0000 / 0000 0000 0000 0000 / 0000 0000 0000 0000 / 0000 0000 0000 0000 / 0000 0000 0000 0000 / 0000 0000 0000 0000 / 0000 0000 0000 0000 / 0000 0000 0000 0000 / 0000 0000 0000 0000 / 0000 0000 0000 0000 / 0000 0000 0000 0000 / 0000 0000 0000 0000 / 0000 0000 0000 0000 / 0000 0000 0000 0000 / 0000 0000 0000 0000 / 0000 0000 0000 0000 / 0000 0000 0000 0000 / 0000 0000 0000 0000 / 0000 0000 0000 0000 / 0000 0000 0000 0000 / 0000 0000 0000 0000 / 0000 0000 0000 0000 / 0000 0000 0000 0000 / 0000 0000 0000 0000 / 0000 0000 0000 0000 / 0000 0000 0000 0000 / 0000 0000 0000 0000 / 0000 0000 0000 0000 / 0000 0000 0000 0000 / 0000 0000 0000 0000 / 0000 0000 0000 0000 / 0000 0000 0000 0000 / 0000 0000 0000 0000 / 0000 0000 0000 0000 / 0000 0000 0000 0000 / 0000 0000 0000 0000 / 0000 0000 0000 0000 / 0000 0000 0000 0000 / 0000 0000 0000 0000 / 0000 0000 0000 0000 / 0000 0000 0000 0000 / 0000 0000 0000 0000 / 0000 0000 0000 0000 / 0000 0000 0000 0000 / 0000 0000 0000 0000 / 0000 0000 0000 0000 / 0000 0000 0000 0000 / 0000 0000 0000 0000 / 0000 0000 0000 0000 / 0000 0000 0000 0000 / 0000 0000 0000 0000 / 0000 0000 0000 0000 / 0000 0000 0000 0000 / 0000 0000 0000 0000 / 0000 0000 0000 0000 / 0000 0000 0000 0000 / 0000 0000 0000 0000 / 0000 0000 0000 0000 / 0000 0000 0000 0000 / 0000 0000 0000 0000 / 0000 0000 0000 0000 / 0000 0000 0000 0000 / 0000 0000 0000 0000 / 0000 0000 0000 0000 / 0000 0000 0000 0000 / 0000 0000 0000 0000 / 0000 0000 0000 0000
0000 0000 0000 0000 / 0000 0000 0000 0000 / 0000 0000 0000 0000 / 0000 0000 0000 0000 / 0000 0000 0000 0000 / 0000 0000 0000 0000 / 0000 0000 0000 0000 / 0000 0000 0000 0000 / 0000 0000 0000 0000 / 0000 0000 0000 0000 / 0000 0000 0000 0000 / 0000 0000 0000 0000 / 0000 0000 0000 0000 / 0000 0000 0000 0000 / 0000 0000 0000 0000 / 0000 0000 0000 0000 / 0000 0000 0000 0000 / 0000 0000 0000 0000 / 0000 0000 0000 0000 / 0000 0000 0000 0000 / 0000 0000 0000 0000 / 0000 0000 0000 0000 / 0000 0000 0000 0000 / 0000 0000 0000 0000 / 0000 0000 0000 0000 / 0000 0000 0000 0000 / 0000 0000 0000 0000 / 0000 0000 0000 0000 / 0000 0000 0000 0000 / 0000 0000 0000 0000 / 0000 0000 0000 0000 / 0000 0000 0000 0000 / 0000 0000 0000 0000 / 0000 0000 0000 0000 / 0000 0000 0000 0000 / 0000 0000 0000 0000 / 0000 0000 0000 0000 / 0000 0000 0000 0000 / 0000 0000 0000 0000 / 0000 0000 0000 0000 / 0000 0000 0000 0000 / 0000 0000 0000 0000 / 0000 0000 0000 0000 / 0000 0000 0000 0000 / 0000 0000 0000 0000 / 0000 0000 0000 0000 / 0000 0000 0000 0000 / 0000 0000 0000 0000 / 0000 0000 0000 0000 / 0000 0000 0000 0000 / 0000 0000 0000 0000 / 0000 0000 0000 0000 / 0000 0000 0000 0000 / 0000 0000 0000 0000 / 0000 0000 0000 0000 / 0000 0000 0000 0000 / 0000 0000 0000 0000 / 0000 0000 0000 0000 / 0000 0000 0000 0000 / 0000 0000 0000 0000 / 0000 0000 0000 0000 / 0000 0000 0000 0000 / 0000 0000 0000 0000 / 0000 0000 0000 0000 / 0000 0000 0000 0000 / 0000 0000 0000 0000 / 0000 0000 0000 0000 / 0000 0000 0000 0000 / 0000 0000 0000 0000 / 0000 0000 0000 0000 / 0000 0000 0000 0000 / 0000 0000 0000 0000 / 0000 0000 0000 0000 / 0000 0000 0000 0000 / 0000 0000 0000 0000 / 0000 0000 0000 0000 / 0000 0000 0000 0000 / 0000 0000 0000 0000 / 0000 0000 0000 0000 / 0000 0000 0000 0000 / 0000 0000 0000 0000 / 0000 0000 0000 0000 / 0000 0000 0000 0000 / 0000 0000 0000 0000 / 0000 0000 0000 0000 / 0000 0000 0000 0000 / 0000 0000 0000 0000 / 0000 0000 0000 0000 / 0000 0000 0000 0000 / 0000 0000 0000 0000 / 0000 0000 0000 0000 / 0000 0000 0000 0000 / 0000 0000 0000 0000 / 0000 0000 0000 0000 / 0000 0000 0000 0000 / 0000 0000 0000 0000 / 0000 0000 0000 0000 / 0000 0000 0000 0000 / 0000 0000 0000 0000 / 0000 0000 0000 0000
0000 0000 0000 0000 / 0000 0000 0000 0000 / 0000 0000 0000 0000 / 0000 0000 0000 0000 / 0000 0000 0000 0000 / 0000 0000 0000 0000 / 0000 0000 0000 0000 / 0000 0000 0000 0000 / 0000 0000 0000 0000 / 0000 0000 0000 0000 / 0000 0000 0000 0000 / 0000 0000 0000 0000 / 0000 0000 0000 0000 / 0000 0000 0000 0000 / 0000 0000 0000 0000 / 0000 0000 0000 0000 / 0000 0000 0000 0000 / 0000 0000 0000 0000 / 0000 0000 0000 0000 / 0000 0000 0000 0000 / 0000 0000 0000 0000 / 0000 0000 0000 0000 / 0000 0000 0000 0000 / 0000 0000 0000 0000 / 0000 0000 0000 0000 / 0000 0000 0000 0000 / 0000 0000 0000 0000 / 0000 0000 0000 0000 / 0000 0000 0000 0000 / 0000 0000 0000 0000 / 0000 0000 0000 0000 / 0000 0000 0000 0000 / 0000 0000 0000 0000 / 0000 0000 0000 0000 / 0000 0000 0000 0000 / 0000 0000 0000 0000 / 0000 0000 0000 0000 / 0000 0000 0000 0000 / 0000 0000 0000 0000 / 0000 0000 0000 0000 / 0000 0000 0000 0000 / 0000 0000 0000 0000 / 0000 0000 0000 0000 / 0000 0000 0000 0000 / 0000 0000 0000 0000 / 0000 0000 0000 0000 / 0000 0000 0000 0000 / 0000 0000 0000 0000 / 0000 0000 0000 0000 / 0000 0000 0000 0000 / 0000 0000 0000 0000 / 0000 0000 0000 0000 / 0000 0000 0000 0000 / 0000 0000 0000 0000 / 0000 0000 0000 0000 / 0000 0000 0000 0000 / 0000 0000 0000 0000 / 0000 0000 0000 0000 / 0000 0000 0000 0000 / 0000 0000 0000 0000 / 0000 0000 0000 0000 / 0000 0000 0000 0000 / 0000 0000 0000 0000 / 0000 0000 0000 0000 / 0000 0000 0000 0000 / 0000 0000 0000 0000 / 0000 0000 0000 0000 / 0000 0000 0000 0000 / 0000 0000 0000 0000 / 0000 0000 0000 0000 / 0000 0000 0000 0000 / 0000 0000 0000 0000 / 0000 0000 0000 0000 / 0000 0000 0000 0000 / 0000 0000 0000 0000 / 0000 0000 0000 0000 / 0000 0000 0000 0000 / 0000 0000 0000 0000 / 0000 0000 0000 0000 / 0000 0000 0000 0000 / 0000 0000 0000 0000 / 0000 0000 0000 0000 / 0000 0000 0000 0000 / 0000 0000 0000 0000 / 0000 0000 0000 0000 / 0000 0000 0000 0000 / 0000 0000 0000 0000 / 0000 0000 0000 0000 / 0000 0000 0000 0000 / 0000 0000 0000 0000 / 0000 0000 0000 0000 / 0000 0000 0000 0000 / 0000 0000 0000 0000 / 0000 0000 0000 0000 / 0000 0000 0000 0000 / 0000 0000 0000 0000 / 0000 0000 0000 0000 / 0000 0000 0000 0000 / 0000 0000 0000 0000 / 0000 0000 0000 0000
0000 0000 0000 0000 / 0000 0000 0000 0000 / 0000 0000 0000 0000 / 0000 0000 0000 0000 / 0000 0000 0000 0000 / 0000 0000 0000 0000 / 0000 0000 0000 0000 / 0000 0000 0000 0000 / 0000 0000 0000 0000 / 0000 0000 0000 0000 / 0000 0000 0000 0000 / 0000 0000 0000 0000 / 0000 0000 0000 0000 / 0000 0000 0000 0000 / 0000 0000 0000 0000 / 0000 0000 0000 0000 / 0000 0000 0000 0000 / 0000 0000 0000 0000 / 0000 0000 0000 0000 / 0000 0000 0000 0000 / 0000 0000 0000 0000 / 0000 0000 0000 0000 / 0000 0000 0000 0000 / 0000 0000 0000 0000 / 0000 0000 0000 0000 / 0000 0000 0000 0000 / 0000 0000 0000 0000 / 0000 0000 0000 0000 / 0000 0000 0000 0000 / 0000 0000 0000 0000 / 0000 0000 0000 0000 / 0000 0000 0000 0000 / 0000 0000 0000 0000 / 0000 0000 0000 0000 / 0000 0000 0000 0000 / 0000 0000 0000 0000 / 0000 0000 0000 0000 / 0000 0000 0000 0000 / 0000 0000 0000 0000 / 0000 0000 0000 0000 / 0000 0000 0000 0000 / 0000 0000 0000 0000 / 0000 0000 0000 0000 / 0000 0000 0000 0000 / 0000 0000 0000 0000 / 0000 0000 0000 0000 / 0000 0000 0000 0000 / 0000 0000 0000 0000 / 0000 0000 0000 0000 / 0000 0000 0000 0000 / 0000 0000 0000 0000 / 0000 0000 0000 0000 / 0000 0000 0000 0000 / 0000 0000 0000 0000 / 0000 0000 0000 0000 / 0000 0000 0000 0000 / 0000 0000 0000 0000 / 0000 0000 0000 0000 / 0000 0000 0000 0000 / 0000 0000 0000 0000 / 0000 0000 0000 0000 / 0000 0000 0000 0000 / 0000 0000 0000 0000 / 0000 0000 0000 0000 / 0000 0000 0000 0000 / 0000 0000 0000 0000 / 0000 0000 0000 0000 / 0000 0000 0000 0000 / 0000 0000 0000 0000 / 0000 0000 0000 0000 / 0000 0000 0000 0000 / 0000 0000 0000 0000 / 0000 0000 0000 0000 / 0000 0000 0000 0000 / 0000 0000 0000 0000 / 0000 0000 0000 0000 / 0000 0000 0000 0000 / 0000 0000 0000 0000 / 0000 0000 0000 0000 / 0000 0000 0000 0000 / 0000 0000 0000 0000 / 0000 0000 0000 0000 / 0000 0000 0000 0000 / 0000 0000 0000 0000 / 0000 0000 0000 0000 / 0000 0000 0000 0000 / 0000 0000 0000 0000 / 0000 0000 0000 0000 / 0000 0000 0000 0000 / 0000 0000 0000 0000 / 0000 0000 0000 0000 / 0000 0000 0000 0000 / 0000 0000 0000 0000 / 0000 0000 0000 0000 / 0000 0000 0000 0000 / 0000 0000 0000 0000 / 0000 0000 0000 0000 / 0000 0000 0000 0000 / 0000 0000 0000 0000 / 0000 0000 0000 0000
0000 0000 0000 0000 / 0000 0000 0000 0000 / 0000 0000 0000 0000 / 0000 0000 0000 0000 / 0000 0000 0000 0000 / 0000 0000 0000 0000 / 0000 0000 0000 0000 / 0000 0000 0000 0000 / 0000 0000 0000 0000 / 0000 0000 0000 0000 / 0000 0000 0000 0000 / 0000 0000 0000 0000 / 0000 0000 0000 0000 / 0000 0000 0000 0000 / 0000 0000 0000 0000 / 0000 0000 0000 0000 / 0000 0000 0000 0000 / 0000 0000 0000 0000 / 0000 0000 0000 0000 / 0000 0000 0000 0000 / 0000 0000 0000 0000 / 0000 0000 0000 0000 / 0000 0000 0000 0000 / 0000 0000 0000 0000 / 0000 0000 0000 0000 / 0000 0000 0000 0000 / 0000 0000 0000 0000 / 0000 0000 0000 0000 / 0000 0000 0000 0000 / 0000 0000 0000 0000 / 0000 0000 0000 0000 / 0000 0000 0000 0000 / 0000 0000 0000 0000 / 0000 0000 0000 0000 / 0000 0000 0000 0000 / 0000 0000 0000 0000 / 0000 0000 0000 0000 / 0000 0000 0000 0000 / 0000 0000 0000 0000 / 0000 0000 0000 0000 / 0000 0000 0000 0000 / 0000 0000 0000 0000 / 0000 0000 0000 0000 / 0000 0000 0000 0000 / 0000 0000 0000 0000 / 0000 0000 0000 0000 / 0000 0000 0000 0000 / 0000 0000 0000 0000 / 0000 0000 0000 0000 / 0000 0000 0000 0000 / 0000 0000 0000 0000 / 0000 0000 0000 0000 / 0000 0000 0000 0000 / 0000 0000 0000 0000 / 0000 0000 0000 0000 / 0000 0000 0000 0000 / 0000 0000 0000 0000 / 0000 0000 0000 0000 / 0000 0000 0000 0000 / 0000 0000 0000 0000 / 0000 0000 0000 0000 / 0000 0000 0000 0000 / 0000 0000 0000 0000 / 0000 0000 0000 0000 / 0000 0000 0000 0000 / 0000 0000 0000 0000 / 0000 0000 0000 0000 / 0000 0000 0000 0000 / 0000 0000 0000 0000 / 0000 0000 0000 0000 / 0000 0000 0000 0000 / 0000 0000 0000 0000 / 0000 0000 0000 0000 / 0000 0000 0000 0000 / 0000 0000 0000 0000 / 0000 0000 0000 0000 / 0000 0000 0000 0000 / 0000 0000 0000 0000 / 0000 0000 0000 0000 / 0000 0000 0000 0000 / 0000 0000 0000 0000 / 0000 0000 0000 0000 / 0000 0000 0000 0000 / 0000 0000 0000 0000 / 0000 0000 0000 0000 / 0000 0000 0000 0000 / 0000 0000 0000 0000 / 0000 0000 0000 0000 / 0000 0000 0000 0000 / 0000 0000 0000 0000 / 0000 0000 0000 0000 / 0000 0000 0000 0000 / 0000 0000 0000 0000 / 0000 0000 0000 0000 / 0000 0000 0000 0000 / 0000 0000 0000 0000 / 0000 0000 0000 0000 / 0000 0000 0000 0000 / 0000 0000 0000 0000 / 0000 0000 0000 0000
0000 0000 0000 0000 / 0000 0000 0000 0000 / 0000 0000 0000 0000 / 0000 0000 0000 0000 / 0000 0000 0000 0000 / 0000 0000 0000 0000 / 0000 0000 0000 0000 / 0000 0000 0000 0000 / 0000 0000 0000 0000 / 0000 0000 0000 0000 / 0000 0000 0000 0000 / 0000 0000 0000 0000 / 0000 0000 0000 0000 / 0000 0000 0000 0000 / 0000 0000 0000 0000 / 0000 0000 0000 0000 / 0000 0000 0000 0000 / 0000 0000 0000 0000 / 0000 0000 0000 0000 / 0000 0000 0000 0000 / 0000 0000 0000 0000 / 0000 0000 0000 0000 / 0000 0000 0000 0000 / 0000 0000 0000 0000 / 0000 0000 0000 0000 / 0000 0000 0000 0000 / 0000 0000 0000 0000 / 0000 0000 0000 0000 / 0000 0000 0000 0000 / 0000 0000 0000 0000 / 0000 0000 0000 0000 / 0000 0000 0000 0000 / 0000 0000 0000 0000 / 0000 0000 0000 0000 / 0000 0000 0000 0000 / 0000 0000 0000 0000 / 0000 0000 0000 0000 / 0000 0000 0000 0000 / 0000 0000 0000 0000 / 0000 0000 0000 0000 / 0000 0000 0000 0000 / 0000 0000 0000 0000 / 0000 0000 0000 0000 / 0000 0000 0000 0000 / 0000 0000 0000 0000 / 0000 0000 0000 0000 / 0000 0000 0000 0000 / 0000 0000 0000 0000 / 0000 0000 0000 0000 / 0000 0000 0000 0000 / 0000 0000 0000 0000 / 0000 0000 0000 0000 / 0000 0000 0000 0000 / 0000 0000 0000 0000 / 0000 0000 0000 0000 / 0000 0000 0000 0000 / 0000 0000 0000 0000 / 0000 0000 0000 0000 / 0000 0000 0000 0000 / 0000 0000 0000 0000 / 0000 0000 0000 0000 / 0000 0000 0000 0000 / 0000 0000 0000 0000 / 0000 0000 0000 0000 / 0000 0000 0000 0000 / 0000 0000 0000 0000 / 0000 0000 0000 0000 / 0000 0000 0000 0000 / 0000 0000 0000 0000 / 0000 0000 0000 0000 / 0000 0000 0000 0000 / 0000 0000 0000 0000 / 0000 0000 0000 0000 / 0000 0000 0000 0000 / 0000 0000 0000 0000 / 0000 0000 0000 0000 / 0000 0000 0000 0000 / 0000 0000 0000 0000 / 0000 0000 0000 0000 / 0000 0000 0000 0000 / 0000 0000 0000 0000 / 0000 0000 0000 0000 / 0000 0000 0000 0000 / 0000 0000 0000 0000 / 0000 0000 0000 0000 / 0000 0000 0000 0000 / 0000 0000 0000 0000 / 0000 0000 0000 0000 / 0000 0000 0000 0000 / 0000 0000 0000 0000 / 0000 0000 0000 0000 / 0000 0000 0000 0000 / 0000 0000 0000 0000 / 0000 0000 0000 0000 / 0000 0000 0000 0000 / 0000 0000 0000 0000 / 0000 0000 0000 0000 / 0000 0000 0000 0000 / 0000 0000 0000 0000 / 0000 0000 0000 0000
0000 0000 0000 0000 / 0000 0000 0000 0000 / 0000 0000 0000 0000 / 0000 0000 0000 0000 / 0000 0000 0000 0000 / 0000 0000 0000 0000 / 0000 0000 0000 0000 / 0000 0000 0000 0000 / 0000 0000 0000 0000 / 0000 0000 0000 0000 / 0000 0000 0000 0000 / 0000 0000 0000 0000 / 0000 0000 0000 0000 / 0000 0000 0000 0000 / 0000 0000 0000 0000 / 0000 0000 0000 0000 / 0000 0000 0000 0000 / 0000 0000 0000 0000 / 0000 0000 0000 0000 / 0000 0000 0000 0000 / 0000 0000 0000 0000 / 0000 0000 0000 0000 / 0000 0000 0000 0000 / 0000 0000 0000 0000 / 0000 0000 0000 0000 / 0000 0000 0000 0000 / 0000 0000 0000 0000 / 0000 0000 0000 0000 / 0000 0000 0000 0000 / 0000 0000 0000 0000 / 0000 0000 0000 0000 / 0000 0000 0000 0000 / 0000 0000 0000 0000 / 0000 0000 0000 0000 / 0000 0000 0000 0000 / 0000 0000 0000 0000 / 0000 0000 0000 0000 / 0000 0000 0000 0000 / 0000 0000 0000 0000 / 0000 0000 0000 0000 / 0000 0000 0000 0000 / 0000 0000 0000 0000 / 0000 0000 0000 0000 / 0000 0000 0000 0000 / 0000 0000 0000 0000 / 0000 0000 0000 0000 / 0000 0000 0000 0000 / 0000 0000 0000 0000 / 0000 0000 0000 0000 / 0000 0000 0000 0000 / 0000 0000 0000 0000 / 0000 0000 0000 0000 / 0000 0000 0000 0000 / 0000 0000 0000 0000 / 0000 0000 0000 0000 / 0000 0000 0000 0000 / 0000 0000 0000 0000 / 0000 0000 0000 0000 / 0000 0000 0000 0000 / 0000 0000 0000 0000 / 0000 0000 0000 0000 / 0000 0000 0000 0000 / 0000 0000 0000 0000 / 0000 0000 0000 0000 / 0000 0000 0000 0000 / 0000 0000 0000 0000 / 0000 0000 0000 0000 / 0000 0000 0000 0000 / 0000 0000 0000 0000 / 0000 0000 0000 0000 / 0000 0000 0000 0000 / 0000 0000 0000 0000 / 0000 0000 0000 0000 / 0000 0000 0000 0000 / 0000 0000 0000 0000 / 0000 0000 0000 0000 / 0000 0000 0000 0000 / 0000 0000 0000 0000 / 0000 0000 0000 0000 / 0000 0000 0000 0000 / 0000 0000 0000 0000 / 0000 0000 0000 0000 / 0000 0000 0000 0000 / 0000 0000 0000 0000 / 0000 0000 0000 0000 / 0000 0000 0000 0000 / 0000 0000 0000 0000 / 0000 0000 0000 0000 / 0000 0000 0000 0000 / 0000 0000 0000 0000 / 0000 0000 0000 0000 / 0000 0000 0000 0000 / 0000 0000 0000 0000 / 0000 0000 0000 0000 / 0000 0000 0000 0000 / 0000 0000 0000 0000 / 0000 0000 0000 0000 / 0000 0000 0000 0000 / 0000 0000 0000 0000 / 0000 0000 0000 0000
0000 0000 0000 0000 / 0000 0000 0000 0000 / 0000 0000 0000 0000 / 0000 0000 0000 0000 / 0000 0000 0000 0000 / 0000 0000 0000 0000 / 0000 0000 0000 0000 / 0000 0000 0000 0000 / 0000 0000 0000 0000 / 0000 0000 0000 0000 / 0000 0000 0000 0000 / 0000 0000 0000 0000 / 0000 0000 0000 0000 / 0000 0000 0000 0000 / 0000 0000 0000 0000 / 0000 0000 0000 0000 / 0000 0000 0000 0000 / 0000 0000 0000 0000 / 0000 0000 0000 0000 / 0000 0000 0000 0000 / 0000 0000 0000 0000 / 0000 0000 0000 0000 / 0000 0000 0000 0000 / 0000 0000 0000 0000 / 0000 0000 0000 0000 / 0000 0000 0000 0000 / 0000 0000 0000 0000 / 0000 0000 0000 0000 / 0000 0000 0000 0000 / 0000 0000 0000 0000 / 0000 0000 0000 0000 / 0000 0000 0000 0000 / 0000 0000 0000 0000 / 0000 0000 0000 0000 / 0000 0000 0000 0000 / 0000 0000 0000 0000 / 0000 0000 0000 0000 / 0000 0000 0000 0000 / 0000 0000 0000 0000 / 0000 0000 0000 0000 / 0000 0000 0000 0000 / 0000 0000 0000 0000 / 0000 0000 0000 0000 / 0000 0000 0000 0000 / 0000 0000 0000 0000 / 0000 0000 0000 0000 / 0000 0000 0000 0000 / 0000 0000 0000 0000 / 0000 0000 0000 0000 / 0000 0000 0000 0000 / 0000 0000 0000 0000 / 0000 0000 0000 0000 / 0000 0000 0000 0000 / 0000 0000 0000 0000 / 0000 0000 0000 0000 / 0000 0000 0000 0000 / 0000 0000 0000 0000 / 0000 0000 0000 0000 / 0000 0000 0000 0000 / 0000 0000 0000 0000 / 0000 0000 0000 0000 / 0000 0000 0000 0000 / 0000 0000 0000 0000 / 0000 0000 0000 0000 / 0000 0000 0000 0000 / 0000 0000 0000 0000 / 0000 0000 0000 0000 / 0000 0000 0000 0000 / 0000 0000 0000 0000 / 0000 0000 0000 0000 / 0000 0000 0000 0000 / 0000 0000 0000 0000 / 0000 0000 0000 0000 / 0000 0000 0000 0000 / 0000 0000 0000 0000 / 0000 0000 0000 0000 / 0000 0000 0000 0000 / 0000 0000 0000 0000 / 0000 0000 0000 0000 / 0000 0000 0000 0000 / 0000 0000 0000 0000 / 0000 0000 0000 0000 / 0000 0000 0000 0000 / 0000 0000 0000 0000 / 0000 0000 0000 0000 / 0000 0000 0000 0000 / 0000 0000 0000 0000 / 0000 0000 0000 0000 / 0000 0000 0000 0000 / 0000 0000 0000 0000 / 0000 0000 0000 0000 / 0000 0000 0000 0000 / 0000 0000 0000 0000 / 0000 0000 0000 0000 / 0000 0000 0000 0000 / 0000 0000 0000 0000 / 0000 0000 0000 0000 / 0000 0000 0000 0000 / 0000 0000 0000 0000 / 0000 0000 0000 0000
0000 0000 0000 0000 / 0000 0000 0000 0000 / 0000 0000 0000 0000 / 0000 0000 0000 0000 / 0000 0000 0000 0000 / 0000 0000 0000 0000 / 0000 0000 0000 0000 / 0000 0000 0000 0000 / 0000 0000 0000 0000 / 0000 0000 0000 0000 / 0000 0000 0000 0000 / 0000 0000 0000 0000 / 0000 0000 0000 0000 / 0000 0000 0000 0000 / 0000 0000 0000 0000 / 0000 0000 0000 0000 / 0000 0000 0000 0000 / 0000 0000 0000 0000 / 0000 0000 0000 0000 / 0000 0000 0000 0000 / 0000 0000 0000 0000 / 0000 0000 0000 0000 / 0000 0000 0000 0000 / 0000 0000 0000 0000 / 0000 0000 0000 0000 / 0000 0000 0000 0000 / 0000 0000 0000 0000 / 0000 0000 0000 0000 / 0000 0000 0000 0000 / 0000 0000 0000 0000 / 0000 0000 0000 0000 / 0000 0000 0000 0000 / 0000 0000 0000 0000 / 0000 0000 0000 0000 / 0000 0000 0000 0000 / 0000 0000 0000 0000 / 0000 0000 0000 0000 / 0000 0000 0000 0000 / 0000 0000 0000 0000 / 0000 0000 0000 0000 / 0000 0000 0000 0000 / 0000 0000 0000 0000 / 0000 0000 0000 0000 / 0000 0000 0000 0000 / 0000 0000 0000 0000 / 0000 0000 0000 0000 / 0000 0000 0000 0000 / 0000 0000 0000 0000 / 0000 0000 0000 0000 / 0000 0000 0000 0000 / 0000 0000 0000 0000 / 0000 0000 0000 0000 / 0000 0000 0000 0000 / 0000 0000 0000 0000 / 0000 0000 0000 0000 / 0000 0000 0000 0000 / 0000 0000 0000 0000 / 0000 0000 0000 0000 / 0000 0000 0000 0000 / 0000 0000 0000 0000 / 0000 0000 0000 0000 / 0000 0000 0000 0000 / 0000 0000 0000 0000 / 0000 0000 0000 0000 / 0000 0000 0000 0000 / 0000 0000 0000 0000 / 0000 0000 0000 0000 / 0000 0000 0000 0000 / 0000 0000 0000 0000 / 0000 0000 0000 0000 / 0000 0000 0000 0000 / 0000 0000 0000 0000 / 0000 0000 0000 0000 / 0000 0000 0000 0000 / 0000 0000 0000 0000 / 0000 0000 0000 0000 / 0000 0000 0000 0000 / 0000 0000 0000 0000 / 0000 0000 0000 0000 / 0000 0000 0000 0000 / 0000 0000 0000 0000 / 0000 0000 0000 0000 / 0000 0000 0000 0000 / 0000 0000 0000 0000 / 0000 0000 0000 0000 / 0000 0000 0000 0000 / 0000 0000 0000 0000 / 0000 0000 0000 0000 / 0000 0000 0000 0000 / 0000 0000 0000 0000 / 0000 0000 0000 0000 / 0000 0000 0000 0000 / 0000 0000 0000 0000 / 0000 0000 0000 0000 / 0000 0000 0000 0000 / 0000 0000 0000 0000 / 0000 0000 0000 0000 / 0000 0000 0000 0000 / 0000 0000 0000 0000 / 0000 0000 0000 0000
0000 0000 0000 0000 / 0000 0000 0000 0000 / 0000 0000 0000 0000 / 0000 0000 0000 0000 / 0000 0000 0000 0000 / 0000 0000 0000 0000 / 0000 0000 0000 0000 / 0000 0000 0000 0000 / 0000 0000 0000 0000 / 0000 0000 0000 0000 / 0000 0000 0000 0000 / 0000 0000 0000 0000 / 0000 0000 0000 0000 / 0000 0000 0000 0000 / 0000 0000 0000 0000 / 0000 0000 0000 0000 / 0000 0000 0000 0000 / 0000 0000 0000 0000 / 0000 0000 0000 0000 / 0000 0000 0000 0000 / 0000 0000 0000 0000 / 0000 0000 0000 0000 / 0000 0000 0000 0000 / 0000 0000 0000 0000 / 0000 0000 0000 0000 / 0000 0000 0000 0000 / 0000 0000 0000 0000 / 0000 0000 0000 0000 / 0000 0000 0000 0000 / 0000 0000 0000 0000 / 0000 0000 0000 0000 / 0000 0000 0000 0000 / 0000 0000 0000 0000 / 0000 0000 0000 0000 / 0000 0000 0000 0000 / 0000 0000 0000 0000 / 0000 0000 0000 0000 / 0000 0000 0000 0000 / 0000 0000 0000 0000 / 0000 0000 0000 0000 / 0000 0000 0000 0000 / 0000 0000 0000 0000 / 0000 0000 0000 0000 / 0000 0000 0000 0000 / 0000 0000 0000 0000 / 0000 0000 0000 0000 / 0000 0000 0000 0000 / 0000 0000 0000 0000 / 0000 0000 0000 0000 / 0000 0000 0000 0000 / 0000 0000 0000 0000 / 0000 0000 0000 0000 / 0000 0000 0000 0000 / 0000 0000 0000 0000 / 0000 0000 0000 0000 / 0000 0000 0000 0000 / 0000 0000 0000 0000 / 0000 0000 0000 0000 / 0000 0000 0000 0000 / 0000 0000 0000 0000 / 0000 0000 0000 0000 / 0000 0000 0000 0000 / 0000 0000 0000 0000 / 0000 0000 0000 0000 / 0000 0000 0000 0000 / 0000 0000 0000 0000 / 0000 0000 0000 0000 / 0000 0000 0000 0000 / 0000 0000 0000 0000 / 0000 0000 0000 0000 / 0000 0000 0000 0000 / 0000 0000 0000 0000 / 0000 0000 0000 0000 / 0000 0000 0000 0000 / 0000 0000 0000 0000 / 0000 0000 0000 0000 / 0000 0000 0000 0000 / 0000 0000 0000 0000 / 0000 0000 0000 0000 / 0000 0000 0000 0000 / 0000 0000 0000 0000 / 0000 0000 0000 0000 / 0000 0000 0000 0000 / 0000 0000 0000 0000 / 0000 0000 0000 0000 / 0000 0000 0000 0000 / 0000 0000 0000 0000 / 0000 0000 0000 0000 / 0000 0000 0000 0000 / 0000 0000 0000 0000 / 0000 0000 0000 0000 / 0000 0000 0000 0000 / 0000 0000 0000 0000 / 0000 0000 0000 0000 / 0000 0000 0000 0000 / 0000 0000 0000 0000 / 0000 0000 0000 0000 / 0000 0000 0000 0000 / 0000 0000 0000 0000 / 0000 0000 0000 0000
0000 0000 0000 0000 / 0000 0000 0000 0000 / 0000 0000 0000 0000 / 0000 0000 0000 0000 / 0000 0000 0000 0000 / 0000 0000 0000 0000 / 0000 0000 0000 0000 / 0000 0000 0000 0000 / 0000 0000 0000 0000 / 0000 0000 0000 0000 / 0000 0000 0000 0000 / 0000 0000 0000 0000 / 0000 0000 0000 0000 / 0000 0000 0000 0000 / 0000 0000 0000 0000 / 0000 0000 0000 0000 / 0000 0000 0000 0000 / 0000 0000 0000 0000 / 0000 0000 0000 0000 / 0000 0000 0000 0000 / 0000 0000 0000 0000 / 0000 0000 0000 0000 / 0000 0000 0000 0000 / 0000 0000 0000 0000 / 0000 0000 0000 0000 / 0000 0000 0000 0000 / 0000 0000 0000 0000 / 0000 0000 0000 0000 / 0000 0000 0000 0000 / 0000 0000 0000 0000 / 0000 0000 0000 0000 / 0000 0000 0000 0000 / 0000 0000 0000 0000 / 0000 0000 0000 0000 / 0000 0000 0000 0000 / 0000 0000 0000 0000 / 0000 0000 0000 0000 / 0000 0000 0000 0000 / 0000 0000 0000 0000 / 0000 0000 0000 0000 / 0000 0000 0000 0000 / 0000 0000 0000 0000 / 0000 0000 0000 0000 / 0000 0000 0000 0000 / 0000 0000 0000 0000 / 0000 0000 0000 0000 / 0000 0000 0000 0000 / 0000 0000 0000 0000 / 0000 0000 0000 0000 / 0000 0000 0000 0000 / 0000 0000 0000 0000 / 0000 0000 0000 0000 / 0000 0000 0000 0000 / 0000 0000 0000 0000 / 0000 0000 0000 0000 / 0000 0000 0000 0000 / 0000 0000 0000 0000 / 0000 0000 0000 0000 / 0000 0000 0000 0000 / 0000 0000 0000 0000 / 0000 0000 0000 0000 / 0000 0000 0000 0000 / 0000 0000 0000 0000 / 0000 0000 0000 0000 / 0000 0000 0000 0000 / 0000 0000 0000 0000 / 0000 0000 0000 0000 / 0000 0000 0000 0000 / 0000 0000 0000 0000 / 0000 0000 0000 0000 / 0000 0000 0000 0000 / 0000 0000 0000 0000 / 0000 0000 0000 0000 / 0000 0000 0000 0000 / 0000 0000 0000 0000 / 0000 0000 0000 0000 / 0000 0000 0000 0000 / 0000 0000 0000 0000 / 0000 0000 0000 0000 / 0000 0000 0000 0000 / 0000 0000 0000 0000 / 0000 0000 0000 0000 / 0000 0000 0000 0000 / 0000 0000 0000 0000 / 0000 0000 0000 0000 / 0000 0000 0000 0000 / 0000 0000 0000 0000 / 0000 0000 0000 0000 / 0000 0000 0000 0000 / 0000 0000 0000 0000 / 0000 0000 0000 0000 / 0000 0000 0000 0000 / 0000 0000 0000 0000 / 0000 0000 0000 0000 / 0000 0000 0000 0000 / 0000 0000 0000 0000 / 0000 0000 0000 0000 / 0000 0000 0000 0000 / 0000 0000 0000 0000 / 0000 0000 0000 0000
0000 0000 0000 0000 / 0000 0000 0000 0000 / 0000 0000 0000 0000 / 0000 0000 0000 0000 / 0000 0000 0000 0000 / 0000 0000 0000 0000 / 0000 0000 0000 0000 / 0000 0000 0000 0000 / 0000 0000 0000 0000 / 0000 0000 0000 0000 / 0000 0000 0000 0000 / 0000 0000 0000 0000 / 0000 0000 0000 0000 / 0000 0000 0000 0000 / 0000 0000 0000 0000 / 0000 0000 0000 0000 / 0000 0000 0000 0000 / 0000 0000 0000 0000 / 0000 0000 0000 0000 / 0000 0000 0000 0000 / 0000 0000 0000 0000 / 0000 0000 0000 0000 / 0000 0000 0000 0000 / 0000 0000 0000 0000 / 0000 0000 0000 0000 / 0000 0000 0000 0000 / 0000 0000 0000 0000 / 0000 0000 0000 0000 / 0000 0000 0000 0000 / 0000 0000 0000 0000 / 0000 0000 0000 0000 / 0000 0000 0000 0000 / 0000 0000 0000 0000 / 0000 0000 0000 0000 / 0000 0000 0000 0000 / 0000 0000 0000 0000 / 0000 0000 0000 0000 / 0000 0000 0000 0000 / 0000 0000 0000 0000 / 0000 0000 0000 0000 / 0000 0000 0000 0000 / 0000 0000 0000 0000 / 0000 0000 0000 0000 / 0000 0000 0000 0000 / 0000 0000 0000 0000 / 0000 0000 0000 0000 / 0000 0000 0000 0000 / 0000 0000 0000 0000 / 0000 0000 0000 0000 / 0000 0000 0000 0000 / 0000 0000 0000 0000 / 0000 0000 0000 0000 / 0000 0000 0000 0000 / 0000 0000 0000 0000 / 0000 0000 0000 0000 / 0000 0000 0000 0000 / 0000 0000 0000 0000 / 0000 0000 0000 0000 / 0000 0000 0000 0000 / 0000 0000 0000 0000 / 0000 0000 0000 0000 / 0000 0000 0000 0000 / 0000 0000 0000 0000 / 0000 0000 0000 0000 / 0000 0000 0000 0000 / 0000 0000 0000 0000 / 0000 0000 0000 0000 / 0000 0000 0000 0000 / 0000 0000 0000 0000 / 0000 0000 0000 0000 / 0000 0000 0000 0000 / 0000 0000 0000 0000 / 0000 0000 0000 0000 / 0000 0000 0000 0000 / 0000 0000 0000 0000 / 0000 0000 0000 0000 / 0000 0000 0000 0000 / 0000 0000 0000 0000 / 0000 0000 0000 0000 / 0000 0000 0000 0000 / 0000 0000 0000 0000 / 0000 0000 0000 0000 / 0000 0000 0000 0000 / 0000 0000 0000 0000 / 0000 0000 0000 0000 / 0000 0000 0000 0000 / 0000 0000 0000 0000 / 0000 0000 0000 0000 / 0000 0000 0000 0000 / 0000 0000 0000 0000 / 0000 0000 0000 0000 / 0000 0000 0000 0000 / 0000 0000 0000 0000 / 0000 0000 0000 0000 / 0000 0000 0000 0000 / 0000 0000 0000 0000 / 0000 0000 0000 0000 / 0000 0000 0000 0000 / 0000 0000 0000 0000 / 0000 0000 0000 0000
0000 0000 0000 0000 / 0000 0000 0000 0000 / 0000 0000 0000 0000 / 0000 0000 0000 0000 / 0000 0000 0000 0000 / 0000 0000 0000 0000 / 0000 0000 0000 0000 / 0000 0000 0000 0000 / 0000 0000 0000 0000 / 0000 0000 0000 0000 / 0000 0000 0000 0000 / 0000 0000 0000 0000 / 0000 0000 0000 0000 / 0000 0000 0000 0000 / 0000 0000 0000 0000 / 0000 0000 0000 0000 / 0000 0000 0000 0000 / 0000 0000 0000 0000 / 0000 0000 0000 0000 / 0000 0000 0000 0000 / 0000 0000 0000 0000 / 0000 0000 0000 0000 / 0000 0000 0000 0000 / 0000 0000 0000 0000 / 0000 0000 0000 0000 / 0000 0000 0000 0000 / 0000 0000 0000 0000 / 0000 0000 0000 0000 / 0000 0000 0000 0000 / 0000 0000 0000 0000 / 0000 0000 0000 0000 / 0000 0000 0000 0000 / 0000 0000 0000 0000 / 0000 0000 0000 0000 / 0000 0000 0000 0000 / 0000 0000 0000 0000 / 0000 0000 0000 0000 / 0000 0000 0000 0000 / 0000 0000 0000 0000 / 0000 0000 0000 0000 / 0000 0000 0000 0000 / 0000 0000 0000 0000 / 0000 0000 0000 0000 / 0000 0000 0000 0000 / 0000 0000 0000 0000 / 0000 0000 0000 0000 / 0000 0000 0000 0000 / 0000 0000 0000 0000 / 0000 0000 0000 0000 / 0000 0000 0000 0000 / 0000 0000 0000 0000 / 0000 0000 0000 0000 / 0000 0000 0000 0000 / 0000 0000 0000 0000 / 0000 0000 0000 0000 / 0000 0000 0000 0000 / 0000 0000 0000 0000 / 0000 0000 0000 0000 / 0000 0000 0000 0000 / 0000 0000 0000 0000 / 0000 0000 0000 0000 / 0000 0000 0000 0000 / 0000 0000 0000 0000 / 0000 0000 0000 0000 / 0000 0000 0000 0000 / 0000 0000 0000 0000 / 0000 0000 0000 0000 / 0000 0000 0000 0000 / 0000 0000 0000 0000 / 0000 0000 0000 0000 / 0000 0000 0000 0000 / 0000 0000 0000 0000 / 0000 0000 0000 0000 / 0000 0000 0000 0000 / 0000 0000 0000 0000 / 0000 0000 0000 0000 / 0000 0000 0000 0000 / 0000 0000 0000 0000 / 0000 0000 0000 0000 / 0000 0000 0000 0000 / 0000 0000 0000 0000 / 0000 0000 0000 0000 / 0000 0000 0000 0000 / 0000 0000 0000 0000 / 0000 0000 0000 0000 / 0000 0000 0000 0000 / 0000 0000 0000 0000 / 0000 0000 0000 0000 / 0000 0000 0000 0000 / 0000 0000 0000 0000 / 0000 0000 0000 0000 / 0000 0000 0000 0000 / 0000 0000 0000 0000 / 0000 0000 0000 0000 / 0000 0000 0000 0000 / 0000 0000 0000 0000 / 0000 0000 0000 0000 / 0000 0000 0000 0000 / 0000 0000 0000 0000 / 0000 0000 0000 0000
0000 0000 0000 0000 / 0000 0000 0000 0000 / 0000 0000 0000 0000 / 0000 0000 0000 0000 / 0000 0000 0000 0000 / 0000 0000 0000 0000 / 0000 0000 0000 0000 / 0000 0000 0000 0000 / 0000 0000 0000 0000 / 0000 0000 0000 0000 / 0000 0000 0000 0000 / 0000 0000 0000 0000 / 0000 0000 0000 0000 / 0000 0000 0000 0000 / 0000 0000 0000 0000 / 0000 0000 0000 0000 / 0000 0000 0000 0000 / 0000 0000 0000 0000 / 0000 0000 0000 0000 / 0000 0000 0000 0000 / 0000 0000 0000 0000 / 0000 0000 0000 0000 / 0000 0000 0000 0000 / 0000 0000 0000 0000 / 0000 0000 0000 0000 / 0000 0000 0000 0000 / 0000 0000 0000 0000 / 0000 0000 0000 0000 / 0000 0000 0000 0000 / 0000 0000 0000 0000 / 0000 0000 0000 0000 / 0000 0000 0000 0000 / 0000 0000 0000 0000 / 0000 0000 0000 0000 / 0000 0000 0000 0000 / 0000 0000 0000 0000 / 0000 0000 0000 0000 / 0000 0000 0000 0000 / 0000 0000 0000 0000 / 0000 0000 0000 0000 / 0000 0000 0000 0000 / 0000 0000 0000 0000 / 0000 0000 0000 0000 / 0000 0000 0000 0000 / 0000 0000 0000 0000 / 0000 0000 0000 0000 / 0000 0000 0000 0000 / 0000 0000 0000 0000 / 0000 0000 0000 0000 / 0000 0000 0000 0000 / 0000 0000 0000 0000 / 0000 0000 0000 0000 / 0000 0000 0000 0000 / 0000 0000 0000 0000 / 0000 0000 0000 0000 / 0000 0000 0000 0000 / 0000 0000 0000 0000 / 0000 0000 0000 0000 / 0000 0000 0000 0000 / 0000 0000 0000 0000 / 0000 0000 0000 0000 / 0000 0000 0000 0000 / 0000 0000 0000 0000 / 0000 0000 0000 0000 / 0000 0000 0000 0000 / 0000 0000 0000 0000 / 0000 0000 0000 0000 / 0000 0000 0000 0000 / 0000 0000 0000 0000 / 0000 0000 0000 0000 / 0000 0000 0000 0000 / 0000 0000 0000 0000 / 0000 0000 0000 0000 / 0000 0000 0000 0000 / 0000 0000 0000 0000 / 0000 0000 0000 0000 / 0000 0000 0000 0000 / 0000 0000 0000 0000 / 0000 0000 0000 0000 / 0000 0000 0000 0000 / 0000 0000 0000 0000 / 0000 0000 0000 0000 / 0000 0000 0000 0000 / 0000 0000 0000 0000 / 0000 0000 0000 0000 / 0000 0000 0000 0000 / 0000 0000 0000 0000 / 0000 0000 0000 0000 / 0000 0000 0000 0000 / 0000 0000 0000 0000 / 0000 0000 0000 0000 / 0000 0000 0000 0000 / 0000 0000 0000 0000 / 0000 0000 0000 0000 / 0000 0000 0000 0000 / 0000 0000 0000 0000 / 0000 0000 0000 0000 / 0000 0000 0000 0000 / 0000 0000 0000 0000 / 0000 0000 0000 0000
0000 0000 0000 0000 / 0000 0000 0000 0000 / 0000 0000 0000 0000 / 0000 0000 0000 0000 / 0000 0000 0000 0000 / 0000 0000 0000 0000 / 0000 0000 0000 0000 / 0000 0000 0000 0000 / 0000 0000 0000 0000 / 0000 0000 0000 0000 / 0000 0000 0000 0000 / 0000 0000 0000 0000 / 0000 0000 0000 0000 / 0000 0000 0000 0000 / 0000 0000 0000 0000 / 0000 0000 0000 0000 / 0000 0000 0000 0000 / 0000 0000 0000 0000 / 0000 0000 0000 0000 / 0000 0000 0000 0000 / 0000 0000 0000 0000 / 0000 0000 0000 0000 / 0000 0000 0000 0000 / 0000 0000 0000 0000 / 0000 0000 0000 0000 / 0000 0000 0000 0000 / 0000 0000 0000 0000 / 0000 0000 0000 0000 / 0000 0000 0000 0000 / 0000 0000 0000 0000 / 0000 0000 0000 0000 / 0000 0000 0000 0000 / 0000 0000 0000 0000 / 0000 0000 0000 0000 / 0000 0000 0000 0000 / 0000 0000 0000 0000 / 0000 0000 0000 0000 / 0000 0000 0000 0000 / 0000 0000 0000 0000 / 0000 0000 0000 0000 / 0000 0000 0000 0000 / 0000 0000 0000 0000 / 0000 0000 0000 0000 / 0000 0000 0000 0000 / 0000 0000 0000 0000 / 0000 0000 0000 0000 / 0000 0000 0000 0000 / 0000 0000 0000 0000 / 0000 0000 0000 0000 / 0000 0000 0000 0000 / 0000 0000 0000 0000 / 0000 0000 0000 0000 / 0000 0000 0000 0000 / 0000 0000 0000 0000 / 0000 0000 0000 0000 / 0000 0000 0000 0000 / 0000 0000 0000 0000 / 0000 0000 0000 0000 / 0000 0000 0000 0000 / 0000 0000 0000 0000 / 0000 0000 0000 0000 / 0000 0000 0000 0000 / 0000 0000 0000 0000 / 0000 0000 0000 0000 / 0000 0000 0000 0000 / 0000 0000 0000 0000 / 0000 0000 0000 0000 / 0000 0000 0000 0000 / 0000 0000 0000 0000 / 0000 0000 0000 0000 / 0000 0000 0000 0000 / 0000 0000 0000 0000 / 0000 0000 0000 0000 / 0000 0000 0000 0000 / 0000 0000 0000 0000 / 0000 0000 0000 0000 / 0000 0000 0000 0000 / 0000 0000 0000 0000 / 0000 0000 0000 0000 / 0000 0000 0000 0000 / 0000 0000 0000 0000 / 0000 0000 0000 0000 / 0000 0000 0000 0000 / 0000 0000 0000 0000 / 0000 0000 0000 0000 / 0000 0000 0000 0000 / 0000 0000 0000 0000 / 0000 0000 0000 0000 / 0000 0000 0000 0000 / 0000 0000 0000 0000 / 0000 0000 0000 0000 / 0000 0000 0000 0000 / 0000 0000 0000 0000 / 0000 0000 0000 0000 / 0000 0000 0000 0000 / 0000 0000 0000 0000 / 0000 0000 0000 0000 / 0000 0000 0000 0000 / 0000 0000 0000 0000 / 0000 0000 0000 0000
0000 0000 0000 0000 / 0000 0000 0000 0000 / 0000 0000 0000 0000 / 0000 0000 0000 0000 / 0000 0000 0000 0000 / 0000 0000 0000 0000 / 0000 0000 0000 0000 / 0000 0000 0000 0000 / 0000 0000 0000 0000 / 0000 0000 0000 0000 / 0000 0000 0000 0000 / 0000 0000 0000 0000 / 0000 0000 0000 0000 / 0000 0000 0000 0000 / 0000 0000 0000 0000 / 0000 0000 0000 0000 / 0000 0000 0000 0000 / 0000 0000 0000 0000 / 0000 0000 0000 0000 / 0000 0000 0000 0000 / 0000 0000 0000 0000 / 0000 0000 0000 0000 / 0000 0000 0000 0000 / 0000 0000 0000 0000 / 0000 0000 0000 0000 / 0000 0000 0000 0000 / 0000 0000 0000 0000 / 0000 0000 0000 0000 / 0000 0000 0000 0000 / 0000 0000 0000 0000 / 0000 0000 0000 0000 / 0000 0000 0000 0000 / 0000 0000 0000 0000 / 0000 0000 0000 0000 / 0000 0000 0000 0000 / 0000 0000 0000 0000 / 0000 0000 0000 0000 / 0000 0000 0000 0000 / 0000 0000 0000 0000 / 0000 0000 0000 0000 / 0000 0000 0000 0000 / 0000 0000 0000 0000 / 0000 0000 0000 0000 / 0000 0000 0000 0000 / 0000 0000 0000 0000 / 0000 0000 0000 0000 / 0000 0000 0000 0000 / 1008 0000 0000 0000 / 1008 0000 0000 0000 / 1008 0000 0000 0000 / 1008 0000 0000 0000 / 1008 0000 0000 0000 / 1008 0000 0000 0000 / 1008 0000 0000 0000 / 1008 0000 0000 0000 / 1008 0000 0000 0000 / 1008 0000 0000 0000 / 1008 0000 0000 0000 / 1008 0000 0000 0000 / 1008 0000 0000 0000 / 1008 0000 0000 0000 / 1008 0000 0000 0000 / 1008 0000 0000 0000 / 1008 0000 0000 0000 / 1008 0000 0000 0000 / 1008 0000 0000 0000 / 1008 0000 0000 0000 / 1008 0000 0000 0000 / 1008 0000 0000 0000 / 1008 0000 0000 0000 / 1008 0000 0000 0000 / 0000 0000 0000 0000 / 0000 0000 0000 0000 / 0000 0000 0000 0000 / 0182 0000 0000 0000 / 0000 0000 0000 0000 / 0000 0000 0000 0000 / 0000 0000 0000 0000 / 0000 0000 0000 0000 / 0000 0000 0000 0000 / 0000 0000 0000 0000 / 0000 0000 0000 0000 / 0000 0000 0000 0000 / 0000 0000 0000 0000 / 0182 0000 0000 0000 / 0000 0000 0000 0000 / 0000 0000 0000 0000 / 0000 0000 0000 0000 / 0000 0000 0000 0000 / 0000 0000 0000 0000 / 0000 0000 0000 0000 / 0000 0000 0000 0000 / 0000 0000 0000 0000 / 0000 0000 0000 0000 / 0000 0000 0000 0000 / 0000 0000 0000 0000 / 0000 0000 0000 0000 / 0000 0000 0000 0000 / 0000 0000 0000 0000 / 0000 0000 0000 0000
0001 0000 0000 0000 / 0001 0000 0000 0000 / 0001 0000 0000 0000 / 0001 0000 0000 0000 / 0001 0000 0000 0000 / 0001 0000 0000 0000 / 0001 0000 0000 0000 / 0001 0000 0000 0000 / 0001 0000 0000 0000 / 0001 0000 0000 0000 / 0001 0000 0000 0000 / 0001 0000 0000 0000 / 0001 0000 0000 0000 / 0001 0000 0000 0000 / 0001 0000 0000 0000 / 0001 0000 0000 0000 / 0001 0000 0000 0000 / 0001 0000 0000 0000 / 0001 0000 0000 0000 / 0001 0000 0000 0000 / 0001 0000 0000 0000 / 0001 0000 0000 0000 / 0001 0000 0000 0000 / 0001 0000 0000 0000 / 0001 0000 0000 0000 / 0001 0000 0000 0000 / 0001 0000 0000 0000 / 0001 0000 0000 0000 / 0001 0000 0000 0000 / 0001 0000 0000 0000 / 0001 0000 0000 0000 / 0001 0000 0000 0000 / 0001 0000 0000 0000 / 0001 0000 0000 0000 / 0001 0000 0000 0000 / 0001 0000 0000 0000 / 0001 0000 0000 0000 / 0001 0000 0000 0000 / 0001 0000 0000 0000 / 0001 0000 0000 0000 / 0001 0000 0000 0000 / 0001 0000 0000 0000 / 0001 0000 0000 0000 / 0001 0000 0000 0000 / 0001 0000 0000 0000 / 0001 0000 0000 0000 / 0001 0000 0000 0000 / 0001 0000 0000 0000 / 0001 0000 0000 0000 / 0001 0000 0000 0000 / 0001 0000 0000 0000 / 0001 0000 0000 0000 / 0001 0000 0000 0000 / 0001 0000 0000 0000 / 0001 0000 0000 0000 / 0001 0000 0000 0000 / 0001 0000 0000 0000 / 0001 0000 0000 0000 / 0001 0000 0000 0000 / 0001 0000 0000 0000 / 0001 0000 0000 0000 / 0001 0000 0000 0000 / 0001 0000 0000 0000 / 0001 0000 0000 0000 / 0001 0000 0000 0000 / 0001 0000 0000 0000 / 0001 0000 0000 0000 / 0001 0000 0000 0000 / 0001 0000 0000 0000 / 0001 0000 0000 0000 / 0001 0000 0000 0000 / 0001 0000 0000 0000 / 0001 0000 0000 0000 / 0001 0000 0000 0000 / 0001 0000 0000 0000 / 0001 0000 0000 0000 / 0001 0000 0000 0000 / 0001 0000 0000 0000 / 0001 0000 0000 0000 / 0001 0000 0000 0000 / 0001 0000 0000 0000 / 0001 0000 0000 0000 / 0001 0000 0000 0000 / 0001 0000 0000 0000 / 0001 0000 0000 0000 / 0001 0000 0000 0000 / 0001 0000 0000 0000 / 0001 0000 0000 0000 / 0001 0000 0000 0000 / 0001 0000 0000 0000 / 0001 0000 0000 0000 / 0001 0000 0000 0000 / 0001 0000 0000 0000 / 0001 0000 0000 0000 / 0001 0000 0000 0000 / 0001 0000 0000 0000 / 0001 0000 0000 0000 / 0001 0000 0000 0000 / 0001 0000 0000 0000 / 0001 0000 0000 0000
0000 0000 0000 0000 / 0000 0000 0000 0000 / 0000 0000 0000 0000 / 0000 0000 0000 0000 / 0000 0000 0000 0000 / 0000 0000 0000 0000 / 0000 0000 0000 0000 / 0000 0000 0000 0000 / 0000 0000 0000 0000 / 0000 0000 0000 0000 / 0000 0000 0000 0000 / 0000 0000 0000 0000 / 0000 0000 0000 0000 / 0000 0000 0000 0000 / 0000 0000 0000 0000 / 0000 0000 0000 0000 / 0000 0000 0000 0000 / 0000 0000 0000 0000 / 0000 0000 0000 0000 / 0000 0000 0000 0000 / 0000 0000 0000 0000 / 0000 0000 0000 0000 / 0000 0000 0000 0000 / 0000 0000 0000 0000 / 0000 0000 0000 0000 / 0000 0000 0000 0000 / 0000 0000 0000 0000 / 0000 0000 0000 0000 / 0000 0000 0000 0000 / 0000 0000 0000 0000 / 0000 0000 0000 0000 / 0000 0000 0000 0000 / 0000 0000 0000 0000 / 0000 0000 0000 0000 / 0000 0000 0000 0000 / 0000 0000 0000 0000 / 0000 0000 0000 0000 / 0000 0000 0000 0000 / 0000 0000 0000 0000 / 0000 0000 0000 0000 / 0000 0000 0000 0000 / 0000 0000 0000 0000 / 0000 0000 0000 0000 / 0000 0000 0000 0000 / 0000 0000 0000 0000 / 0000 0000 0000 0000 / 0000 0000 0000 0000 / 0000 0000 0000 0000 / 0000 0000 0000 0000 / 0000 0000 0000 0000 / 0000 0000 0000 0000 / 0000 0000 0000 0000 / 0000 0000 0000 0000 / 0000 0000 0000 0000 / 0000 0000 0000 0000 / 0000 0000 0000 0000 / 0000 0000 0000 0000 / 0000 0000 0000 0000 / 0000 0000 0000 0000 / 0000 0000 0000 0000 / 0000 0000 0000 0000 / 0000 0000 0000 0000 / 0000 0000 0000 0000 / 0000 0000 0000 0000 / 0000 0000 0000 0000 / 0000 0000 0000 0000 / 0000 0000 0000 0000 / 0000 0000 0000 0000 / 0000 0000 0000 0000 / 0000 0000 0000 0000 / 0000 0000 0000 0000 / 0000 0000 0000 0000 / 0000 0000 0000 0000 / 0000 0000 0000 0000 / 0000 0000 0000 0000 / 0000 0000 0000 0000 / 0000 0000 0000 0000 / 0000 0000 0000 0000 / 0000 0000 0000 0000 / 0000 0000 0000 0000 / 0000 0000 0000 0000 / 0000 0000 0000 0000 / 0000 0000 0000 0000 / 0000 0000 0000 0000 / 0000 0000 0000 0000 / 0000 0000 0000 0000 / 0000 0000 0000 0000 / 0000 0000 0000 0000 / 0000 0000 0000 0000 / 0000 0000 0000 0000 / 0000 0000 0000 0000 / 0000 0000 0000 0000 / 0000 0000 0000 0000 / 0000 0000 0000 0000 / 0000 0000 0000 0000 / 0000 0000 0000 0000 / 0000 0000 0000 0000 / 0000 0000 0000 0000 / 0000 0000 0000 0000 / 0000 0000 0000 0000
0000 0000 0000 0000 / 0000 0000 0000 0000 / 0000 0000 0000 0000 / 0000 0000 0000 0000 / 0000 0000 0000 0000 / 0000 0000 0000 0000 / 0000 0000 0000 0000 / 0000 0000 0000 0000 / 0000 0000 0000 0000 / 0000 0000 0000 0000 / 0000 0000 0000 0000 / 0000 0000 0000 0000 / 0000 0000 0000 0000 / 0000 0000 0000 0000 / 0000 0000 0000 0000 / 0000 0000 0000 0000 / 0000 0000 0000 0000 / 0000 0000 0000 0000 / 0000 0000 0000 0000 / 0000 0000 0000 0000 / 0000 0000 0000 0000 / 0000 0000 0000 0000 / 0000 0000 0000 0000 / 0000 0000 0000 0000 / 0000 0000 0000 0000 / 0000 0000 0000 0000 / 0000 0000 0000 0000 / 0000 0000 0000 0000 / 0000 0000 0000 0000 / 0000 0000 0000 0000 / 0000 0000 0000 0000 / 0000 0000 0000 0000 / 0000 0000 0000 0000 / 0000 0000 0000 0000 / 0000 0000 0000 0000 / 0000 0000 0000 0000 / 0000 0000 0000 0000 / 0000 0000 0000 0000 / 0000 0000 0000 0000 / 0000 0000 0000 0000 / 0000 0000 0000 0000 / 0000 0000 0000 0000 / 0000 0000 0000 0000 / 0000 0000 0000 0000 / 0000 0000 0000 0000 / 0000 0000 0000 0000 / 0000 0000 0000 0000 / 0000 0000 0000 0000 / 0000 0000 0000 0000 / 0000 0000 0000 0000 / 0000 0000 0000 0000 / 0000 0000 0000 0000 / 0000 0000 0000 0000 / 0000 0000 0000 0000 / 0000 0000 0000 0000 / 0000 0000 0000 0000 / 0000 0000 0000 0000 / 0000 0000 0000 0000 / 0000 0000 0000 0000 / 0000 0000 0000 0000 / 0000 0000 0000 0000 / 0000 0000 0000 0000 / 0000 0000 0000 0000 / 0000 0000 0000 0000 / 0000 0000 0000 0000 / 0000 0000 0000 0000 / 0000 0000 0000 0000 / 0000 0000 0000 0000 / 0000 0000 0000 0000 / 0000 0000 0000 0000 / 0000 0000 0000 0000 / 0000 0000 0000 0000 / 0000 0000 0000 0000 / 0000 0000 0000 0000 / 0000 0000 0000 0000 / 0000 0000 0000 0000 / 0000 0000 0000 0000 / 0000 0000 0000 0000 / 0000 0000 0000 0000 / 0000 0000 0000 0000 / 0000 0000 0000 0000 / 0000 0000 0000 0000 / 0000 0000 0000 0000 / 0000 0000 0000 0000 / 0000 0000 0000 0000 / 0000 0000 0000 0000 / 0000 0000 0000 0000 / 0000 0000 0000 0000 / 0000 0000 0000 0000 / 0000 0000 0000 0000 / 0000 0000 0000 0000 / 0000 0000 0000 0000 / 0000 0000 0000 0000 / 0000 0000 0000 0000 / 0000 0000 0000 0000 / 0000 0000 0000 0000 / 0000 0000 0000 0000 / 0000 0000 0000 0000 / 0000 0000 0000 0000 / 0000 0000 0000 0000
0000 0000 0000 0000 / 0000 0000 0000 0000 / 0000 0000 0000 0000 / 0000 0000 0000 0000 / 0000 0000 0000 0000 / 0000 0000 0000 0000 / 0000 0000 0000 0000 / 0000 0000 0000 0000 / 0000 0000 0000 0000 / 0000 0000 0000 0000 / 0000 0000 0000 0000 / 0000 0000 0000 0000 / 0000 0000 0000 0000 / 0000 0000 0000 0000 / 0000 0000 0000 0000 / 0000 0000 0000 0000 / 0000 0000 0000 0000 / 0000 0000 0000 0000 / 0000 0000 0000 0000 / 0000 0000 0000 0000 / 0000 0000 0000 0000 / 0000 0000 0000 0000 / 0000 0000 0000 0000 / 0000 0000 0000 0000 / 0000 0000 0000 0000 / 0000 0000 0000 0000 / 0000 0000 0000 0000 / 0000 0000 0000 0000 / 0000 0000 0000 0000 / 0000 0000 0000 0000 / 0000 0000 0000 0000 / 0000 0000 0000 0000 / 0000 0000 0000 0000 / 0000 0000 0000 0000 / 0000 0000 0000 0000 / 0000 0000 0000 0000 / 0000 0000 0000 0000 / 0000 0000 0000 0000 / 0000 0000 0000 0000 / 0000 0000 0000 0000 / 0000 0000 0000 0000 / 0000 0000 0000 0000 / 0000 0000 0000 0000 / 0000 0000 0000 0000 / 0000 0000 0000 0000 / 0000 0000 0000 0000 / 0000 0000 0000 0000 / 0000 0000 0000 0000 / 0000 0000 0000 0000 / 0000 0000 0000 0000 / 0000 0000 0000 0000 / 0000 0000 0000 0000 / 0000 0000 0000 0000 / 0000 0000 0000 0000 / 0000 0000 0000 0000 / 0000 0000 0000 0000 / 0000 0000 0000 0000 / 0000 0000 0000 0000 / 0000 0000 0000 0000 / 0000 0000 0000 0000 / 0000 0000 0000 0000 / 0000 0000 0000 0000 / 0000 0000 0000 0000 / 0000 0000 0000 0000 / 0000 0000 0000 0000 / 0000 0000 0000 0000 / 0000 0000 0000 0000 / 0000 0000 0000 0000 / 0000 0000 0000 0000 / 0000 0000 0000 0000 / 0000 0000 0000 0000 / 0000 0000 0000 0000 / 0000 0000 0000 0000 / 0000 0000 0000 0000 / 0000 0000 0000 0000 / 0000 0000 0000 0000 / 0000 0000 0000 0000 / 0000 0000 0000 0000 / 0000 0000 0000 0000 / 0000 0000 0000 0000 / 0000 0000 0000 0000 / 0000 0000 0000 0000 / 0000 0000 0000 0000 / 0000 0000 0000 0000 / 0000 0000 0000 0000 / 0000 0000 0000 0000 / 0000 0000 0000 0000 / 0000 0000 0000 0000 / 0000 0000 0000 0000 / 0000 0000 0000 0000 / 0000 0000 0000 0000 / 0000 0000 0000 0000 / 0000 0000 0000 0000 / 0000 0000 0000 0000 / 0000 0000 0000 0000 / 0000 0000 0000 0000 / 0000 0000 0000 0000 / 0000 0000 0000 0000 / 0000 0000 0000 0000 / 0000 0000 0000 0000
0000 0000 0000 0000 / 0000 0000 0000 0000 / 0000 0000 0000 0000 / 0000 0000 0000 0000 / 0000 0000 0000 0000 / 0000 0000 0000 0000 / 0000 0000 0000 0000 / 0000 0000 0000 0000 / 0000 0000 0000 0000 / 0000 0000 0000 0000 / 0000 0000 0000 0000 / 0000 0000 0000 0000 / 0000 0000 0000 0000 / 0000 0000 0000 0000 / 0000 0000 0000 0000 / 0000 0000 0000 0000 / 0000 0000 0000 0000 / 0000 0000 0000 0000 / 0000 0000 0000 0000 / 0000 0000 0000 0000 / 0000 0000 0000 0000 / 0000 0000 0000 0000 / 0000 0000 0000 0000 / 0000 0000 0000 0000 / 0000 0000 0000 0000 / 0000 0000 0000 0000 / 0000 0000 0000 0000 / 0000 0000 0000 0000 / 0000 0000 0000 0000 / 0000 0000 0000 0000 / 0000 0000 0000 0000 / 0000 0000 0000 0000 / 0000 0000 0000 0000 / 0000 0000 0000 0000 / 0000 0000 0000 0000 / 0000 0000 0000 0000 / 0000 0000 0000 0000 / 0000 0000 0000 0000 / 0000 0000 0000 0000 / 0000 0000 0000 0000 / 0000 0000 0000 0000 / 0000 0000 0000 0000 / 0000 0000 0000 0000 / 0000 0000 0000 0000 / 0000 0000 0000 0000 / 0000 0000 0000 0000 / 0000 0000 0000 0000 / 0000 0000 0000 0000 / 0000 0000 0000 0000 / 0000 0000 0000 0000 / 0000 0000 0000 0000 / 0000 0000 0000 0000 / 0000 0000 0000 0000 / 0000 0000 0000 0000 / 0000 0000 0000 0000 / 0000 0000 0000 0000 / 0000 0000 0000 0000 / 0000 0000 0000 0000 / 0000 0000 0000 0000 / 0000 0000 0000 0000 / 0000 0000 0000 0000 / 0000 0000 0000 0000 / 0000 0000 0000 0000 / 0000 0000 0000 0000 / 0000 0000 0000 0000 / 0000 0000 0000 0000 / 0000 0000 0000 0000 / 0000 0000 0000 0000 / 0000 0000 0000 0000 / 0000 0000 0000 0000 / 0000 0000 0000 0000 / 0000 0000 0000 0000 / 0000 0000 0000 0000 / 0000 0000 0000 0000 / 0000 0000 0000 0000 / 0000 0000 0000 0000 / 0000 0000 0000 0000 / 0000 0000 0000 0000 / 0000 0000 0000 0000 / 0000 0000 0000 0000 / 0000 0000 0000 0000 / 0000 0000 0000 0000 / 0000 0000 0000 0000 / 0000 0000 0000 0000 / 0000 0000 0000 0000 / 0000 0000 0000 0000 / 0000 0000 0000 0000 / 0000 0000 0000 0000 / 0000 0000 0000 0000 / 0000 0000 0000 0000 / 0000 0000 0000 0000 / 0000 0000 0000 0000 / 0000 0000 0000 0000 / 0000 0000 0000 0000 / 0000 0000 0000 0000 / 0000 0000 0000 0000 / 0000 0000 0000 0000 / 0000 0000 0000 0000 / 0000 0000 0000 0000 / 0000 0000 0000 0000
0000 0000 0000 0000 / 0000 0000 0000 0000 / 0000 0000 0000 0000 / 0000 0000 0000 0000 / 0000 0000 0000 0000 / 0000 0000 0000 0000 / 0000 0000 0000 0000 / 0000 0000 0000 0000 / 0000 0000 0000 0000 / 0000 0000 0000 0000 / 0000 0000 0000 0000 / 0000 0000 0000 0000 / 0000 0000 0000 0000 / 0000 0000 0000 0000 / 0000 0000 0000 0000 / 0000 0000 0000 0000 / 0000 0000 0000 0000 / 0000 0000 0000 0000 / 0000 0000 0000 0000 / 0000 0000 0000 0000 / 0000 0000 0000 0000 / 0000 0000 0000 0000 / 0000 0000 0000 0000 / 0000 0000 0000 0000 / 0000 0000 0000 0000 / 0000 0000 0000 0000 / 0000 0000 0000 0000 / 0000 0000 0000 0000 / 0000 0000 0000 0000 / 0000 0000 0000 0000 / 0000 0000 0000 0000 / 0000 0000 0000 0000 / 0000 0000 0000 0000 / 0000 0000 0000 0000 / 0000 0000 0000 0000 / 0000 0000 0000 0000 / 0000 0000 0000 0000 / 0000 0000 0000 0000 / 0000 0000 0000 0000 / 0000 0000 0000 0000 / 0000 0000 0000 0000 / 0000 0000 0000 0000 / 0000 0000 0000 0000 / 0000 0000 0000 0000 / 0000 0000 0000 0000 / 0000 0000 0000 0000 / 0000 0000 0000 0000 / 0000 0000 0000 0000 / 0000 0000 0000 0000 / 0000 0000 0000 0000 / 0000 0000 0000 0000 / 0000 0000 0000 0000 / 0000 0000 0000 0000 / 0000 0000 0000 0000 / 0000 0000 0000 0000 / 0000 0000 0000 0000 / 0000 0000 0000 0000 / 0000 0000 0000 0000 / 0000 0000 0000 0000 / 0000 0000 0000 0000 / 0000 0000 0000 0000 / 0000 0000 0000 0000 / 0000 0000 0000 0000 / 0000 0000 0000 0000 / 0000 0000 0000 0000 / 0000 0000 0000 0000 / 0000 0000 0000 0000 / 0000 0000 0000 0000 / 0000 0000 0000 0000 / 0000 0000 0000 0000 / 0000 0000 0000 0000 / 0000 0000 0000 0000 / 0000 0000 0000 0000 / 0000 0000 0000 0000 / 0000 0000 0000 0000 / 0000 0000 0000 0000 / 0000 0000 0000 0000 / 0000 0000 0000 0000 / 0000 0000 0000 0000 / 0000 0000 0000 0000 / 0000 0000 0000 0000 / 0000 0000 0000 0000 / 0000 0000 0000 0000 / 0000 0000 0000 0000 / 0000 0000 0000 0000 / 0000 0000 0000 0000 / 0000 0000 0000 0000 / 0000 0000 0000 0000 / 0000 0000 0000 0000 / 0000 0000 0000 0000 / 0000 0000 0000 0000 / 0000 0000 0000 0000 / 0000 0000 0000 0000 / 0000 0000 0000 0000 / 0000 0000 0000 0000 / 0000 0000 0000 0000 / 0000 0000 0000 0000 / 0000 0000 0000 0000 / 0000 0000 0000 0000 / 0000 0000 0000 0000
0000 0000 0000 0000 / 0000 0000 0000 0000 / 0000 0000 0000 0000 / 0000 0000 0000 0000 / 0000 0000 0000 0000 / 0000 0000 0000 0000 / 0000 0000 0000 0000 / 0000 0000 0000 0000 / 0000 0000 0000 0000 / 0000 0000 0000 0000 / 0000 0000 0000 0000 / 0000 0000 0000 0000 / 0000 0000 0000 0000 / 0000 0000 0000 0000 / 0000 0000 0000 0000 / 0000 0000 0000 0000 / 0000 0000 0000 0000 / 0000 0000 0000 0000 / 0000 0000 0000 0000 / 0000 0000 0000 0000 / 0000 0000 0000 0000 / 0000 0000 0000 0000 / 0000 0000 0000 0000 / 0000 0000 0000 0000 / 0000 0000 0000 0000 / 0000 0000 0000 0000 / 0000 0000 0000 0000 / 0000 0000 0000 0000 / 0000 0000 0000 0000 / 0000 0000 0000 0000 / 0000 0000 0000 0000 / 0000 0000 0000 0000 / 0000 0000 0000 0000 / 0000 0000 0000 0000 / 0000 0000 0000 0000 / 0000 0000 0000 0000 / 0000 0000 0000 0000 / 0000 0000 0000 0000 / 0000 0000 0000 0000 / 0000 0000 0000 0000 / 0000 0000 0000 0000 / 0000 0000 0000 0000 / 0000 0000 0000 0000 / 0000 0000 0000 0000 / 0000 0000 0000 0000 / 0000 0000 0000 0000 / 0000 0000 0000 0000 / 0000 0000 0000 0000 / 0000 0000 0000 0000 / 0000 0000 0000 0000 / 0000 0000 0000 0000 / 0000 0000 0000 0000 / 0000 0000 0000 0000 / 0000 0000 0000 0000 / 0000 0000 0000 0000 / 0000 0000 0000 0000 / 0000 0000 0000 0000 / 0000 0000 0000 0000 / 0000 0000 0000 0000 / 0000 0000 0000 0000 / 0000 0000 0000 0000 / 0000 0000 0000 0000 / 0000 0000 0000 0000 / 0000 0000 0000 0000 / 0000 0000 0000 0000 / 0000 0000 0000 0000 / 0000 0000 0000 0000 / 0000 0000 0000 0000 / 0000 0000 0000 0000 / 0000 0000 0000 0000 / 0000 0000 0000 0000 / 0000 0000 0000 0000 / 0000 0000 0000 0000 / 0000 0000 0000 0000 / 0000 0000 0000 0000 / 0000 0000 0000 0000 / 0000 0000 0000 0000 / 0000 0000 0000 0000 / 0000 0000 0000 0000 / 0000 0000 0000 0000 / 0000 0000 0000 0000 / 0000 0000 0000 0000 / 0000 0000 0000 0000 / 0000 0000 0000 0000 / 0000 0000 0000 0000 / 0000 0000 0000 0000 / 0000 0000 0000 0000 / 0000 0000 0000 0000 / 0000 0000 0000 0000 / 0000 0000 0000 0000 / 0000 0000 0000 0000 / 0000 0000 0000 0000 / 0000 0000 0000 0000 / 0000 0000 0000 0000 / 0000 0000 0000 0000 / 0000 0000 0000 0000 / 0000 0000 0000 0000 / 0000 0000 0000 0000 / 0000 0000 0000 0000 / 0000 0000 0000 0000
0000 0000 0000 0000 / 0000 0000 0000 0000 / 0000 0000 0000 0000 / 0000 0000 0000 0000 / 0000 0000 0000 0000 / 0000 0000 0000 0000 / 0000 0000 0000 0000 / 0000 0000 0000 0000 / 0000 0000 0000 0000 / 0000 0000 0000 0000 / 0000 0000 0000 0000 / 0000 0000 0000 0000 / 0000 0000 0000 0000 / 0000 0000 0000 0000 / 0000 0000 0000 0000 / 0000 0000 0000 0000 / 0000 0000 0000 0000 / 0000 0000 0000 0000 / 0000 0000 0000 0000 / 0000 0000 0000 0000 / 0000 0000 0000 0000 / 0000 0000 0000 0000 / 0000 0000 0000 0000 / 0000 0000 0000 0000 / 0000 0000 0000 0000 / 0000 0000 0000 0000 / 0000 0000 0000 0000 / 0000 0000 0000 0000 / 0000 0000 0000 0000 / 0000 0000 0000 0000 / 0000 0000 0000 0000 / 0000 0000 0000 0000 / 0000 0000 0000 0000 / 0000 0000 0000 0000 / 0000 0000 0000 0000 / 0000 0000 0000 0000 / 0000 0000 0000 0000 / 0000 0000 0000 0000 / 0000 0000 0000 0000 / 0000 0000 0000 0000 / 0000 0000 0000 0000 / 0000 0000 0000 0000 / 0000 0000 0000 0000 / 0000 0000 0000 0000 / 0000 0000 0000 0000 / 0000 0000 0000 0000 / 0000 0000 0000 0000 / 0000 0000 0000 0000 / 0000 0000 0000 0000 / 0000 0000 0000 0000 / 0000 0000 0000 0000 / 0000 0000 0000 0000 / 0000 0000 0000 0000 / 0000 0000 0000 0000 / 0000 0000 0000 0000 / 0000 0000 0000 0000 / 0000 0000 0000 0000 / 0000 0000 0000 0000 / 0000 0000 0000 0000 / 0000 0000 0000 0000 / 0000 0000 0000 0000 / 0000 0000 0000 0000 / 0000 0000 0000 0000 / 0000 0000 0000 0000 / 0000 0000 0000 0000 / 0000 0000 0000 0000 / 0000 0000 0000 0000 / 0000 0000 0000 0000 / 0000 0000 0000 0000 / 0000 0000 0000 0000 / 0000 0000 0000 0000 / 0000 0000 0000 0000 / 0000 0000 0000 0000 / 0000 0000 0000 0000 / 0000 0000 0000 0000 / 0000 0000 0000 0000 / 0000 0000 0000 0000 / 0000 0000 0000 0000 / 0000 0000 0000 0000 / 0000 0000 0000 0000 / 0000 0000 0000 0000 / 0000 0000 0000 0000 / 0000 0000 0000 0000 / 0000 0000 0000 0000 / 0000 0000 0000 0000 / 0000 0000 0000 0000 / 0000 0000 0000 0000 / 0000 0000 0000 0000 / 0000 0000 0000 0000 / 0000 0000 0000 0000 / 0000 0000 0000 0000 / 0000 0000 0000 0000 / 0000 0000 0000 0000 / 0000 0000 0000 0000 / 0000 0000 0000 0000 / 0000 0000 0000 0000 / 0000 0000 0000 0000 / 0000 0000 0000 0000 / 0000 0000 0000 0000 / 0000 0000 0000 0000
0000 0000 0000 0000 / 0000 0000 0000 0000 / 0000 0000 0000 0000 / 0000 0000 0000 0000 / 0000 0000 0000 0000 / 0000 0000 0000 0000 / 0000 0000 0000 0000 / 0000 0000 0000 0000 / 0000 0000 0000 0000 / 0000 0000 0000 0000 / 0000 0000 0000 0000 / 0000 0000 0000 0000 / 0000 0000 0000 0000 / 0000 0000 0000 0000 / 0000 0000 0000 0000 / 0000 0000 0000 0000 / 0000 0000 0000 0000 / 0000 0000 0000 0000 / 0000 0000 0000 0000 / 0000 0000 0000 0000 / 0000 0000 0000 0000 / 0000 0000 0000 0000 / 0000 0000 0000 0000 / 0000 0000 0000 0000 / 0000 0000 0000 0000 / 0000 0000 0000 0000 / 0000 0000 0000 0000 / 0000 0000 0000 0000 / 0000 0000 0000 0000 / 0000 0000 0000 0000 / 0000 0000 0000 0000 / 0000 0000 0000 0000 / 0000 0000 0000 0000 / 0000 0000 0000 0000 / 0000 0000 0000 0000 / 0000 0000 0000 0000 / 0000 0000 0000 0000 / 0000 0000 0000 0000 / 0000 0000 0000 0000 / 0000 0000 0000 0000 / 0000 0000 0000 0000 / 0000 0000 0000 0000 / 0000 0000 0000 0000 / 0000 0000 0000 0000 / 0000 0000 0000 0000 / 0000 0000 0000 0000 / 0000 0000 0000 0000 / 0000 0000 0000 0000 / 0000 0000 0000 0000 / 0000 0000 0000 0000 / 0000 0000 0000 0000 / 0000 0000 0000 0000 / 0000 0000 0000 0000 / 0000 0000 0000 0000 / 0000 0000 0000 0000 / 0000 0000 0000 0000 / 0000 0000 0000 0000 / 0000 0000 0000 0000 / 0000 0000 0000 0000 / 0000 0000 0000 0000 / 0000 0000 0000 0000 / 0000 0000 0000 0000 / 0000 0000 0000 0000 / 0000 0000 0000 0000 / 0000 0000 0000 0000 / 0000 0000 0000 0000 / 0000 0000 0000 0000 / 0000 0000 0000 0000 / 0000 0000 0000 0000 / 0000 0000 0000 0000 / 0000 0000 0000 0000 / 0000 0000 0000 0000 / 0000 0000 0000 0000 / 0000 0000 0000 0000 / 0000 0000 0000 0000 / 0000 0000 0000 0000 / 0000 0000 0000 0000 / 0000 0000 0000 0000 / 0000 0000 0000 0000 / 0000 0000 0000 0000 / 0000 0000 0000 0000 / 0000 0000 0000 0000 / 0000 0000 0000 0000 / 0000 0000 0000 0000 / 0000 0000 0000 0000 / 0000 0000 0000 0000 / 0000 0000 0000 0000 / 0000 0000 0000 0000 / 0000 0000 0000 0000 / 0000 0000 0000 0000 / 0000 0000 0000 0000 / 0000 0000 0000 0000 / 0000 0000 0000 0000 / 0000 0000 0000 0000 / 0000 0000 0000 0000 / 0000 0000 0000 0000 / 0000 0000 0000 0000 / 0000 0000 0000 0000 / 0000 0000 0000 0000 / 0000 0000 0000 0000
0000 0000 0000 0000 / 0000 0000 0000 0000 / 0000 0000 0000 0000 / 0000 0000 0000 0000 / 0000 0000 0000 0000 / 0000 0000 0000 0000 / 0000 0000 0000 0000 / 0000 0000 0000 0000 / 0000 0000 0000 0000 / 0000 0000 0000 0000 / 0000 0000 0000 0000 / 0000 0000 0000 0000 / 0000 0000 0000 0000 / 0000 0000 0000 0000 / 0000 0000 0000 0000 / 0000 0000 0000 0000 / 0000 0000 0000 0000 / 0000 0000 0000 0000 / 0000 0000 0000 0000 / 0000 0000 0000 0000 / 0000 0000 0000 0000 / 0000 0000 0000 0000 / 0000 0000 0000 0000 / 0000 0000 0000 0000 / 0000 0000 0000 0000 / 0000 0000 0000 0000 / 0000 0000 0000 0000 / 0000 0000 0000 0000 / 0000 0000 0000 0000 / 0000 0000 0000 0000 / 0000 0000 0000 0000 / 0000 0000 0000 0000 / 0000 0000 0000 0000 / 0000 0000 0000 0000 / 0000 0000 0000 0000 / 0000 0000 0000 0000 / 0000 0000 0000 0000 / 0000 0000 0000 0000 / 0000 0000 0000 0000 / 0000 0000 0000 0000 / 0000 0000 0000 0000 / 0000 0000 0000 0000 / 0000 0000 0000 0000 / 0000 0000 0000 0000 / 0000 0000 0000 0000 / 0000 0000 0000 0000 / 0000 0000 0000 0000 / 0000 0000 0000 0000 / 0000 0000 0000 0000 / 0000 0000 0000 0000 / 0000 0000 0000 0000 / 0000 0000 0000 0000 / 0000 0000 0000 0000 / 0000 0000 0000 0000 / 0000 0000 0000 0000 / 0000 0000 0000 0000 / 0000 0000 0000 0000 / 0000 0000 0000 0000 / 0000 0000 0000 0000 / 0000 0000 0000 0000 / 0000 0000 0000 0000 / 0000 0000 0000 0000 / 0000 0000 0000 0000 / 0000 0000 0000 0000 / 0000 0000 0000 0000 / 0000 0000 0000 0000 / 0000 0000 0000 0000 / 0000 0000 0000 0000 / 0000 0000 0000 0000 / 0000 0000 0000 0000 / 0000 0000 0000 0000 / 0000 0000 0000 0000 / 0000 0000 0000 0000 / 0000 0000 0000 0000 / 0000 0000 0000 0000 / 0000 0000 0000 0000 / 0000 0000 0000 0000 / 0000 0000 0000 0000 / 0000 0000 0000 0000 / 0000 0000 0000 0000 / 0000 0000 0000 0000 / 0000 0000 0000 0000 / 0000 0000 0000 0000 / 0000 0000 0000 0000 / 0000 0000 0000 0000 / 0000 0000 0000 0000 / 0000 0000 0000 0000 / 0000 0000 0000 0000 / 0000 0000 0000 0000 / 0000 0000 0000 0000 / 0000 0000 0000 0000 / 0000 0000 0000 0000 / 0000 0000 0000 0000 / 0000 0000 0000 0000 / 0000 0000 0000 0000 / 0000 0000 0000 0000 / 0000 0000 0000 0000 / 0000 0000 0000 0000 / 0000 0000 0000 0000 / 0000 0000 0000 0000
0000 0000 0000 0000 / 0000 0000 0000 0000 / 0000 0000 0000 0000 / 0000 0000 0000 0000 / 0000 0000 0000 0000 / 0000 0000 0000 0000 / 0000 0000 0000 0000 / 0000 0000 0000 0000 / 0000 0000 0000 0000 / 0000 0000 0000 0000 / 0000 0000 0000 0000 / 0000 0000 0000 0000 / 0000 0000 0000 0000 / 0000 0000 0000 0000 / 0000 0000 0000 0000 / 0000 0000 0000 0000 / 0000 0000 0000 0000 / 0000 0000 0000 0000 / 0000 0000 0000 0000 / 0000 0000 0000 0000 / 0000 0000 0000 0000 / 0000 0000 0000 0000 / 0000 0000 0000 0000 / 0000 0000 0000 0000 / 0000 0000 0000 0000 / 0000 0000 0000 0000 / 0000 0000 0000 0000 / 0000 0000 0000 0000 / 0000 0000 0000 0000 / 0000 0000 0000 0000 / 0000 0000 0000 0000 / 0000 0000 0000 0000 / 0000 0000 0000 0000 / 0000 0000 0000 0000 / 0000 0000 0000 0000 / 0000 0000 0000 0000 / 0000 0000 0000 0000 / 0000 0000 0000 0000 / 0000 0000 0000 0000 / 0000 0000 0000 0000 / 0000 0000 0000 0000 / 0000 0000 0000 0000 / 0000 0000 0000 0000 / 0000 0000 0000 0000 / 0000 0000 0000 0000 / 0000 0000 0000 0000 / 0000 0000 0000 0000 / 0000 0000 0000 0000 / 0000 0000 0000 0000 / 0000 0000 0000 0000 / 0000 0000 0000 0000 / 0000 0000 0000 0000 / 0000 0000 0000 0000 / 0000 0000 0000 0000 / 0000 0000 0000 0000 / 0000 0000 0000 0000 / 0000 0000 0000 0000 / 0000 0000 0000 0000 / 0000 0000 0000 0000 / 0000 0000 0000 0000 / 0000 0000 0000 0000 / 0000 0000 0000 0000 / 0000 0000 0000 0000 / 0000 0000 0000 0000 / 0000 0000 0000 0000 / 0000 0000 0000 0000 / 0000 0000 0000 0000 / 0000 0000 0000 0000 / 0000 0000 0000 0000 / 0000 0000 0000 0000 / 0000 0000 0000 0000 / 0000 0000 0000 0000 / 0000 0000 0000 0000 / 0000 0000 0000 0000 / 0000 0000 0000 0000 / 0000 0000 0000 0000 / 0000 0000 0000 0000 / 0000 0000 0000 0000 / 0000 0000 0000 0000 / 0000 0000 0000 0000 / 0000 0000 0000 0000 / 0000 0000 0000 0000 / 0000 0000 0000 0000 / 0000 0000 0000 0000 / 0000 0000 0000 0000 / 0000 0000 0000 0000 / 0000 0000 0000 0000 / 0000 0000 0000 0000 / 0000 0000 0000 0000 / 0000 0000 0000 0000 / 0000 0000 0000 0000 / 0000 0000 0000 0000 / 0000 0000 0000 0000 / 0000 0000 0000 0000 / 0000 0000 0000 0000 / 0000 0000 0000 0000 / 0000 0000 0000 0000 / 0000 0000 0000 0000 / 0000 0000 0000 0000 / 0000 0000 0000 0000
0000 0000 0000 0000 / 0000 0000 0000 0000 / 0000 0000 0000 0000 / 0000 0000 0000 0000 / 0000 0000 0000 0000 / 0000 0000 0000 0000 / 0000 0000 0000 0000 / 0000 0000 0000 0000 / 0000 0000 0000 0000 / 0000 0000 0000 0000 / 0000 0000 0000 0000 / 0000 0000 0000 0000 / 0000 0000 0000 0000 / 0000 0000 0000 0000 / 0000 0000 0000 0000 / 0000 0000 0000 0000 / 0000 0000 0000 0000 / 0000 0000 0000 0000 / 0000 0000 0000 0000 / 0000 0000 0000 0000 / 0000 0000 0000 0000 / 0000 0000 0000 0000 / 0000 0000 0000 0000 / 0000 0000 0000 0000 / 0000 0000 0000 0000 / 0000 0000 0000 0000 / 0000 0000 0000 0000 / 0000 0000 0000 0000 / 0000 0000 0000 0000 / 0000 0000 0000 0000 / 0000 0000 0000 0000 / 0000 0000 0000 0000 / 0000 0000 0000 0000 / 0000 0000 0000 0000 / 0000 0000 0000 0000 / 0000 0000 0000 0000 / 0000 0000 0000 0000 / 0000 0000 0000 0000 / 0000 0000 0000 0000 / 0000 0000 0000 0000 / 0000 0000 0000 0000 / 0000 0000 0000 0000 / 0000 0000 0000 0000 / 0000 0000 0000 0000 / 0000 0000 0000 0000 / 0000 0000 0000 0000 / 0000 0000 0000 0000 / 0000 0000 0000 0000 / 0000 0000 0000 0000 / 0000 0000 0000 0000 / 0000 0000 0000 0000 / 0000 0000 0000 0000 / 0000 0000 0000 0000 / 0000 0000 0000 0000 / 0000 0000 0000 0000 / 0000 0000 0000 0000 / 0000 0000 0000 0000 / 0000 0000 0000 0000 / 0000 0000 0000 0000 / 0000 0000 0000 0000 / 0000 0000 0000 0000 / 0000 0000 0000 0000 / 0000 0000 0000 0000 / 0000 0000 0000 0000 / 0000 0000 0000 0000 / 0000 0000 0000 0000 / 0000 0000 0000 0000 / 0000 0000 0000 0000 / 0000 0000 0000 0000 / 0000 0000 0000 0000 / 0000 0000 0000 0000 / 0000 0000 0000 0000 / 0000 0000 0000 0000 / 0000 0000 0000 0000 / 0000 0000 0000 0000 / 0000 0000 0000 0000 / 0000 0000 0000 0000 / 0000 0000 0000 0000 / 0000 0000 0000 0000 / 0000 0000 0000 0000 / 0000 0000 0000 0000 / 0000 0000 0000 0000 / 0000 0000 0000 0000 / 0000 0000 0000 0000 / 0000 0000 0000 0000 / 0000 0000 0000 0000 / 0000 0000 0000 0000 / 0000 0000 0000 0000 / 0000 0000 0000 0000 / 0000 0000 0000 0000 / 0000 0000 0000 0000 / 0000 0000 0000 0000 / 0000 0000 0000 0000 / 0000 0000 0000 0000 / 0000 0000 0000 0000 / 0000 0000 0000 0000 / 0000 0000 0000 0000 / 0000 0000 0000 0000 / 0000 0000 0000 0000 / 0000 0000 0000 0000
0000 0000 0000 0000 / 0000 0000 0000 0000 / 0000 0000 0000 0000 / 0000 0000 0000 0000 / 0000 0000 0000 0000 / 0000 0000 0000 0000 / 0000 0000 0000 0000 / 0000 0000 0000 0000 / 0000 0000 0000 0000 / 0000 0000 0000 0000 / 0000 0000 0000 0000 / 0000 0000 0000 0000 / 0000 0000 0000 0000 / 0000 0000 0000 0000 / 0000 0000 0000 0000 / 0000 0000 0000 0000 / 0000 0000 0000 0000 / 0000 0000 0000 0000 / 0000 0000 0000 0000 / 0000 0000 0000 0000 / 0000 0000 0000 0000 / 0000 0000 0000 0000 / 0000 0000 0000 0000 / 0000 0000 0000 0000 / 0000 0000 0000 0000 / 0000 0000 0000 0000 / 0000 0000 0000 0000 / 0000 0000 0000 0000 / 0000 0000 0000 0000 / 0000 0000 0000 0000 / 0000 0000 0000 0000 / 0000 0000 0000 0000 / 0000 0000 0000 0000 / 0000 0000 0000 0000 / 0000 0000 0000 0000 / 0000 0000 0000 0000 / 0000 0000 0000 0000 / 0000 0000 0000 0000 / 0000 0000 0000 0000 / 0000 0000 0000 0000 / 0000 0000 0000 0000 / 0000 0000 0000 0000 / 0000 0000 0000 0000 / 0000 0000 0000 0000 / 0000 0000 0000 0000 / 0000 0000 0000 0000 / 0000 0000 0000 0000 / 0000 0000 0000 0000 / 0000 0000 0000 0000 / 0000 0000 0000 0000 / 0000 0000 0000 0000 / 0000 0000 0000 0000 / 0000 0000 0000 0000 / 0000 0000 0000 0000 / 0000 0000 0000 0000 / 0000 0000 0000 0000 / 0000 0000 0000 0000 / 0000 0000 0000 0000 / 0000 0000 0000 0000 / 0000 0000 0000 0000 / 0000 0000 0000 0000 / 0000 0000 0000 0000 / 0000 0000 0000 0000 / 0000 0000 0000 0000 / 0000 0000 0000 0000 / 0000 0000 0000 0000 / 0000 0000 0000 0000 / 0000 0000 0000 0000 / 0000 0000 0000 0000 / 0000 0000 0000 0000 / 0000 0000 0000 0000 / 0000 0000 0000 0000 / 0000 0000 0000 0000 / 0000 0000 0000 0000 / 0000 0000 0000 0000 / 0000 0000 0000 0000 / 0000 0000 0000 0000 / 0000 0000 0000 0000 / 0000 0000 0000 0000 / 0000 0000 0000 0000 / 0000 0000 0000 0000 / 0000 0000 0000 0000 / 0000 0000 0000 0000 / 0000 0000 0000 0000 / 0000 0000 0000 0000 / 0000 0000 0000 0000 / 0000 0000 0000 0000 / 0000 0000 0000 0000 / 0000 0000 0000 0000 / 0000 0000 0000 0000 / 0000 0000 0000 0000 / 0000 0000 0000 0000 / 0000 0000 0000 0000 / 0000 0000 0000 0000 / 0000 0000 0000 0000 / 0000 0000 0000 0000 / 0000 0000 0000 0000 / 0000 0000 0000 0000 / 0000 0000 0000 0000 / 0000 0000 0000 0000
0000 0000 0000 0000 / 0000 0000 0000 0000 / 0000 0000 0000 0000 / 0000 0000 0000 0000 / 0000 0000 0000 0000 / 0000 0000 0000 0000 / 0000 0000 0000 0000 / 0000 0000 0000 0000 / 0000 0000 0000 0000 / 0000 0000 0000 0000 / 0000 0000 0000 0000 / 0000 0000 0000 0000 / 0000 0000 0000 0000 / 0000 0000 0000 0000 / 0000 0000 0000 0000 / 0000 0000 0000 0000 / 0000 0000 0000 0000 / 0000 0000 0000 0000 / 0000 0000 0000 0000 / 0000 0000 0000 0000 / 0000 0000 0000 0000 / 0000 0000 0000 0000 / 0000 0000 0000 0000 / 0000 0000 0000 0000 / 0000 0000 0000 0000 / 0000 0000 0000 0000 / 0000 0000 0000 0000 / 0000 0000 0000 0000 / 0000 0000 0000 0000 / 0000 0000 0000 0000 / 0000 0000 0000 0000 / 0000 0000 0000 0000 / 0000 0000 0000 0000 / 0000 0000 0000 0000 / 0000 0000 0000 0000 / 0000 0000 0000 0000 / 0000 0000 0000 0000 / 0000 0000 0000 0000 / 0000 0000 0000 0000 / 0000 0000 0000 0000 / 0000 0000 0000 0000 / 0000 0000 0000 0000 / 0000 0000 0000 0000 / 0000 0000 0000 0000 / 0000 0000 0000 0000 / 0000 0000 0000 0000 / 0000 0000 0000 0000 / 0000 0000 0000 0000 / 0000 0000 0000 0000 / 0000 0000 0000 0000 / 0000 0000 0000 0000 / 0000 0000 0000 0000 / 0000 0000 0000 0000 / 0000 0000 0000 0000 / 0000 0000 0000 0000 / 0000 0000 0000 0000 / 0000 0000 0000 0000 / 0000 0000 0000 0000 / 0000 0000 0000 0000 / 0000 0000 0000 0000 / 0000 0000 0000 0000 / 0000 0000 0000 0000 / 0000 0000 0000 0000 / 0000 0000 0000 0000 / 0000 0000 0000 0000 / 0000 0000 0000 0000 / 0000 0000 0000 0000 / 0000 0000 0000 0000 / 0000 0000 0000 0000 / 0000 0000 0000 0000 / 0000 0000 0000 0000 / 0000 0000 0000 0000 / 0000 0000 0000 0000 / 0000 0000 0000 0000 / 0000 0000 0000 0000 / 0000 0000 0000 0000 / 0000 0000 0000 0000 / 0000 0000 0000 0000 / 0000 0000 0000 0000 / 0000 0000 0000 0000 / 0000 0000 0000 0000 / 0000 0000 0000 0000 / 0000 0000 0000 0000 / 0000 0000 0000 0000 / 0000 0000 0000 0000 / 0000 0000 0000 0000 / 0000 0000 0000 0000 / 0000 0000 0000 0000 / 0000 0000 0000 0000 / 0000 0000 0000 0000 / 0000 0000 0000 0000 / 0000 0000 0000 0000 / 0000 0000 0000 0000 / 0000 0000 0000 0000 / 0000 0000 0000 0000 / 0000 0000 0000 0000 / 0000 0000 0000 0000 / 0000 0000 0000 0000 / 0000 0000 0000 0000 / 0000 0000 0000 0000
0000 0000 0000 0000 / 0000 0000 0000 0000 / 0000 0000 0000 0000 / 0000 0000 0000 0000 / 0000 0000 0000 0000 / 0000 0000 0000 0000 / 0000 0000 0000 0000 / 0000 0000 0000 0000 / 0000 0000 0000 0000 / 0000 0000 0000 0000 / 0000 0000 0000 0000 / 0000 0000 0000 0000 / 0000 0000 0000 0000 / 0000 0000 0000 0000 / 0000 0000 0000 0000 / 0000 0000 0000 0000 / 0000 0000 0000 0000 / 0000 0000 0000 0000 / 0000 0000 0000 0000 / 0000 0000 0000 0000 / 0000 0000 0000 0000 / 0000 0000 0000 0000 / 0000 0000 0000 0000 / 0000 0000 0000 0000 / 0000 0000 0000 0000 / 0000 0000 0000 0000 / 0000 0000 0000 0000 / 0000 0000 0000 0000 / 0000 0000 0000 0000 / 0000 0000 0000 0000 / 0000 0000 0000 0000 / 0000 0000 0000 0000 / 0000 0000 0000 0000 / 0000 0000 0000 0000 / 0000 0000 0000 0000 / 0000 0000 0000 0000 / 0000 0000 0000 0000 / 0000 0000 0000 0000 / 0000 0000 0000 0000 / 0000 0000 0000 0000 / 0000 0000 0000 0000 / 0000 0000 0000 0000 / 0000 0000 0000 0000 / 0000 0000 0000 0000 / 0000 0000 0000 0000 / 0000 0000 0000 0000 / 0000 0000 0000 0000 / 0000 0000 0000 0000 / 0000 0000 0000 0000 / 0000 0000 0000 0000 / 0000 0000 0000 0000 / 0000 0000 0000 0000 / 0000 0000 0000 0000 / 0000 0000 0000 0000 / 0000 0000 0000 0000 / 0000 0000 0000 0000 / 0000 0000 0000 0000 / 0000 0000 0000 0000 / 0000 0000 0000 0000 / 0000 0000 0000 0000 / 0000 0000 0000 0000 / 0000 0000 0000 0000 / 0000 0000 0000 0000 / 0000 0000 0000 0000 / 0000 0000 0000 0000 / 0000 0000 0000 0000 / 0000 0000 0000 0000 / 0000 0000 0000 0000 / 0000 0000 0000 0000 / 0000 0000 0000 0000 / 0000 0000 0000 0000 / 0000 0000 0000 0000 / 0000 0000 0000 0000 / 0000 0000 0000 0000 / 0000 0000 0000 0000 / 0000 0000 0000 0000 / 0000 0000 0000 0000 / 0000 0000 0000 0000 / 0000 0000 0000 0000 / 0000 0000 0000 0000 / 0000 0000 0000 0000 / 0000 0000 0000 0000 / 0000 0000 0000 0000 / 0000 0000 0000 0000 / 0000 0000 0000 0000 / 0000 0000 0000 0000 / 0000 0000 0000 0000 / 0000 0000 0000 0000 / 0000 0000 0000 0000 / 0000 0000 0000 0000 / 0000 0000 0000 0000 / 0000 0000 0000 0000 / 0000 0000 0000 0000 / 0000 0000 0000 0000 / 0000 0000 0000 0000 / 0000 0000 0000 0000 / 0000 0000 0000 0000 / 0000 0000 0000 0000 / 0000 0000 0000 0000 / 0000 0000 0000 0000
0000 0000 0000 0000 / 0000 0000 0000 0000 / 0000 0000 0000 0000 / 0000 0000 0000 0000 / 0000 0000 0000 0000 / 0000 0000 0000 0000 / 0000 0000 0000 0000 / 0000 0000 0000 0000 / 0000 0000 0000 0000 / 0000 0000 0000 0000 / 0000 0000 0000 0000 / 0000 0000 0000 0000 / 0000 0000 0000 0000 / 0000 0000 0000 0000 / 0000 0000 0000 0000 / 0000 0000 0000 0000 / 0000 0000 0000 0000 / 0000 0000 0000 0000 / 0000 0000 0000 0000 / 0000 0000 0000 0000 / 0000 0000 0000 0000 / 0000 0000 0000 0000 / 0000 0000 0000 0000 / 0000 0000 0000 0000 / 0000 0000 0000 0000 / 0000 0000 0000 0000 / 0000 0000 0000 0000 / 0000 0000 0000 0000 / 0000 0000 0000 0000 / 0000 0000 0000 0000 / 0000 0000 0000 0000 / 0000 0000 0000 0000 / 0000 0000 0000 0000 / 0000 0000 0000 0000 / 0000 0000 0000 0000 / 0000 0000 0000 0000 / 0000 0000 0000 0000 / 0000 0000 0000 0000 / 0000 0000 0000 0000 / 0000 0000 0000 0000 / 0000 0000 0000 0000 / 0000 0000 0000 0000 / 0000 0000 0000 0000 / 0000 0000 0000 0000 / 0000 0000 0000 0000 / 0000 0000 0000 0000 / 0000 0000 0000 0000 / 0000 0000 0000 0000 / 0000 0000 0000 0000 / 0000 0000 0000 0000 / 0000 0000 0000 0000 / 0000 0000 0000 0000 / 0000 0000 0000 0000 / 0000 0000 0000 0000 / 0000 0000 0000 0000 / 0000 0000 0000 0000 / 0000 0000 0000 0000 / 0000 0000 0000 0000 / 0000 0000 0000 0000 / 0000 0000 0000 0000 / 0000 0000 0000 0000 / 0000 0000 0000 0000 / 0000 0000 0000 0000 / 0000 0000 0000 0000 / 0000 0000 0000 0000 / 0000 0000 0000 0000 / 0000 0000 0000 0000 / 0000 0000 0000 0000 / 0000 0000 0000 0000 / 0000 0000 0000 0000 / 0000 0000 0000 0000 / 0000 0000 0000 0000 / 0000 0000 0000 0000 / 0000 0000 0000 0000 / 0000 0000 0000 0000 / 0000 0000 0000 0000 / 0000 0000 0000 0000 / 0000 0000 0000 0000 / 0000 0000 0000 0000 / 0000 0000 0000 0000 / 0000 0000 0000 0000 / 0000 0000 0000 0000 / 0000 0000 0000 0000 / 0000 0000 0000 0000 / 0000 0000 0000 0000 / 0000 0000 0000 0000 / 0000 0000 0000 0000 / 0000 0000 0000 0000 / 0000 0000 0000 0000 / 0000 0000 0000 0000 / 0000 0000 0000 0000 / 0000 0000 0000 0000 / 0000 0000 0000 0000 / 0000 0000 0000 0000 / 0000 0000 0000 0000 / 0000 0000 0000 0000 / 0000 0000 0000 0000 / 0000 0000 0000 0000 / 0000 0000 0000 0000 / 0000 0000 0000 0000
0000 0000 0000 0000 / 0000 0000 0000 0000 / 0000 0000 0000 0000 / 0000 0000 0000 0000 / 0000 0000 0000 0000 / 0000 0000 0000 0000 / 0000 0000 0000 0000 / 0000 0000 0000 0000 / 0000 0000 0000 0000 / 0000 0000 0000 0000 / 0000 0000 0000 0000 / 0000 0000 0000 0000 / 0000 0000 0000 0000 / 0000 0000 0000 0000 / 0000 0000 0000 0000 / 0000 0000 0000 0000 / 0000 0000 0000 0000 / 0000 0000 0000 0000 / 0000 0000 0000 0000 / 0000 0000 0000 0000 / 0000 0000 0000 0000 / 0000 0000 0000 0000 / 0000 0000 0000 0000 / 0000 0000 0000 0000 / 0000 0000 0000 0000 / 0000 0000 0000 0000 / 0000 0000 0000 0000 / 0000 0000 0000 0000 / 0000 0000 0000 0000 / 0000 0000 0000 0000 / 0000 0000 0000 0000 / 0000 0000 0000 0000 / 0000 0000 0000 0000 / 0000 0000 0000 0000 / 0000 0000 0000 0000 / 0000 0000 0000 0000 / 0000 0000 0000 0000 / 0000 0000 0000 0000 / 0000 0000 0000 0000 / 0000 0000 0000 0000 / 0000 0000 0000 0000 / 0000 0000 0000 0000 / 0000 0000 0000 0000 / 0000 0000 0000 0000 / 0000 0000 0000 0000 / 0000 0000 0000 0000 / 0000 0000 0000 0000 / 0000 0000 0000 0000 / 0000 0000 0000 0000 / 0000 0000 0000 0000 / 0000 0000 0000 0000 / 0000 0000 0000 0000 / 0000 0000 0000 0000 / 0000 0000 0000 0000 / 0000 0000 0000 0000 / 0000 0000 0000 0000 / 0000 0000 0000 0000 / 0000 0000 0000 0000 / 0000 0000 0000 0000 / 0000 0000 0000 0000 / 0000 0000 0000 0000 / 0000 0000 0000 0000 / 0000 0000 0000 0000 / 0000 0000 0000 0000 / 0000 0000 0000 0000 / 0000 0000 0000 0000 / 0000 0000 0000 0000 / 0000 0000 0000 0000 / 0000 0000 0000 0000 / 0000 0000 0000 0000 / 0000 0000 0000 0000 / 0000 0000 0000 0000 / 0000 0000 0000 0000 / 0000 0000 0000 0000 / 0000 0000 0000 0000 / 0000 0000 0000 0000 / 0000 0000 0000 0000 / 0000 0000 0000 0000 / 0000 0000 0000 0000 / 0000 0000 0000 0000 / 0000 0000 0000 0000 / 0000 0000 0000 0000 / 0000 0000 0000 0000 / 0000 0000 0000 0000 / 0000 0000 0000 0000 / 0000 0000 0000 0000 / 0000 0000 0000 0000 / 0000 0000 0000 0000 / 0000 0000 0000 0000 / 0000 0000 0000 0000 / 0000 0000 0000 0000 / 0000 0000 0000 0000 / 0000 0000 0000 0000 / 0000 0000 0000 0000 / 0000 0000 0000 0000 / 0000 0000 0000 0000 / 0000 0000 0000 0000 / 0000 0000 0000 0000 / 0000 0000 0000 0000 / 0000 0000 0000 0000
